-- phpMyAdmin SQL Dump
-- version 5.0.2
-- https://www.phpmyadmin.net/
--
-- Хост: 127.0.0.1
-- Время создания: Янв 28 2021 г., 14:16
-- Версия сервера: 10.4.13-MariaDB
-- Версия PHP: 7.2.31

SET SQL_MODE = "NO_AUTO_VALUE_ON_ZERO";
START TRANSACTION;
SET time_zone = "+00:00";


/*!40101 SET @OLD_CHARACTER_SET_CLIENT=@@CHARACTER_SET_CLIENT */;
/*!40101 SET @OLD_CHARACTER_SET_RESULTS=@@CHARACTER_SET_RESULTS */;
/*!40101 SET @OLD_COLLATION_CONNECTION=@@COLLATION_CONNECTION */;
/*!40101 SET NAMES utf8mb4 */;

--
-- База данных: `laravel_world`
--

-- --------------------------------------------------------

--
-- Структура таблицы `city`
--

CREATE TABLE `city` (
  `ID` int(11) NOT NULL,
  `Name` char(35) NOT NULL DEFAULT '',
  `CountryCode` char(3) NOT NULL DEFAULT '',
  `Population` int(11) NOT NULL DEFAULT 0,
  `created_at` date NOT NULL DEFAULT current_timestamp()
) ENGINE=MyISAM DEFAULT CHARSET=latin1;

--
-- Дамп данных таблицы `city`
--

INSERT INTO `city` (`ID`, `Name`, `CountryCode`, `Population`, `created_at`) VALUES
(175, 'Antwerpen', 'BEL', 446525, '2021-01-26'),
(176, 'Gent', 'BEL', 224180, '2021-01-26'),
(177, 'Charleroi', 'BEL', 200827, '2021-01-26'),
(178, 'Liège', 'BEL', 185639, '2021-01-26'),
(179, 'Bruxelles [Brussel]', 'BEL', 133859, '2021-01-26'),
(180, 'Brugge', 'BEL', 116246, '2021-01-26'),
(181, 'Schaerbeek', 'BEL', 105692, '2021-01-26'),
(182, 'Namur', 'BEL', 105419, '2021-01-26'),
(183, 'Mons', 'BEL', 90935, '2021-01-26'),
(456, 'London', 'GBR', 7285000, '2021-01-26'),
(457, 'Birmingham', 'GBR', 1013000, '2021-01-26'),
(458, 'Glasgow', 'GBR', 619680, '2021-01-26'),
(459, 'Liverpool', 'GBR', 461000, '2021-01-26'),
(460, 'Edinburgh', 'GBR', 450180, '2021-01-26'),
(461, 'Sheffield', 'GBR', 431607, '2021-01-26'),
(462, 'Manchester', 'GBR', 430000, '2021-01-26'),
(463, 'Leeds', 'GBR', 424194, '2021-01-26'),
(464, 'Bristol', 'GBR', 402000, '2021-01-26'),
(465, 'Cardiff', 'GBR', 321000, '2021-01-26'),
(466, 'Coventry', 'GBR', 304000, '2021-01-26'),
(467, 'Leicester', 'GBR', 294000, '2021-01-26'),
(468, 'Bradford', 'GBR', 289376, '2021-01-26'),
(469, 'Belfast', 'GBR', 287500, '2021-01-26'),
(470, 'Nottingham', 'GBR', 287000, '2021-01-26'),
(471, 'Kingston upon Hull', 'GBR', 262000, '2021-01-26'),
(472, 'Plymouth', 'GBR', 253000, '2021-01-26'),
(473, 'Stoke-on-Trent', 'GBR', 252000, '2021-01-26'),
(474, 'Wolverhampton', 'GBR', 242000, '2021-01-26'),
(475, 'Derby', 'GBR', 236000, '2021-01-26'),
(476, 'Swansea', 'GBR', 230000, '2021-01-26'),
(477, 'Southampton', 'GBR', 216000, '2021-01-26'),
(478, 'Aberdeen', 'GBR', 213070, '2021-01-26'),
(479, 'Northampton', 'GBR', 196000, '2021-01-26'),
(480, 'Dudley', 'GBR', 192171, '2021-01-26'),
(481, 'Portsmouth', 'GBR', 190000, '2021-01-26'),
(482, 'Newcastle upon Tyne', 'GBR', 189150, '2021-01-26'),
(483, 'Sunderland', 'GBR', 183310, '2021-01-26'),
(484, 'Luton', 'GBR', 183000, '2021-01-26'),
(485, 'Swindon', 'GBR', 180000, '2021-01-26'),
(486, 'Southend-on-Sea', 'GBR', 176000, '2021-01-26'),
(487, 'Walsall', 'GBR', 174739, '2021-01-26'),
(488, 'Bournemouth', 'GBR', 162000, '2021-01-26'),
(489, 'Peterborough', 'GBR', 156000, '2021-01-26'),
(490, 'Brighton', 'GBR', 156124, '2021-01-26'),
(491, 'Blackpool', 'GBR', 151000, '2021-01-26'),
(492, 'Dundee', 'GBR', 146690, '2021-01-26'),
(493, 'West Bromwich', 'GBR', 146386, '2021-01-26'),
(494, 'Reading', 'GBR', 148000, '2021-01-26'),
(495, 'Oldbury/Smethwick (Warley)', 'GBR', 145542, '2021-01-26'),
(496, 'Middlesbrough', 'GBR', 145000, '2021-01-26'),
(497, 'Huddersfield', 'GBR', 143726, '2021-01-26'),
(498, 'Oxford', 'GBR', 144000, '2021-01-26'),
(499, 'Poole', 'GBR', 141000, '2021-01-26'),
(500, 'Bolton', 'GBR', 139020, '2021-01-26'),
(501, 'Blackburn', 'GBR', 140000, '2021-01-26'),
(502, 'Newport', 'GBR', 139000, '2021-01-26'),
(503, 'Preston', 'GBR', 135000, '2021-01-26'),
(504, 'Stockport', 'GBR', 132813, '2021-01-26'),
(505, 'Norwich', 'GBR', 124000, '2021-01-26'),
(506, 'Rotherham', 'GBR', 121380, '2021-01-26'),
(507, 'Cambridge', 'GBR', 121000, '2021-01-26'),
(508, 'Watford', 'GBR', 113080, '2021-01-26'),
(509, 'Ipswich', 'GBR', 114000, '2021-01-26'),
(510, 'Slough', 'GBR', 112000, '2021-01-26'),
(511, 'Exeter', 'GBR', 111000, '2021-01-26'),
(512, 'Cheltenham', 'GBR', 106000, '2021-01-26'),
(513, 'Gloucester', 'GBR', 107000, '2021-01-26'),
(514, 'Saint Helens', 'GBR', 106293, '2021-01-26'),
(515, 'Sutton Coldfield', 'GBR', 106001, '2021-01-26'),
(516, 'York', 'GBR', 104425, '2021-01-26'),
(517, 'Oldham', 'GBR', 103931, '2021-01-26'),
(518, 'Basildon', 'GBR', 100924, '2021-01-26'),
(519, 'Worthing', 'GBR', 100000, '2021-01-26'),
(520, 'Chelmsford', 'GBR', 97451, '2021-01-26'),
(521, 'Colchester', 'GBR', 96063, '2021-01-26'),
(522, 'Crawley', 'GBR', 97000, '2021-01-26'),
(523, 'Gillingham', 'GBR', 92000, '2021-01-26'),
(524, 'Solihull', 'GBR', 94531, '2021-01-26'),
(525, 'Rochdale', 'GBR', 94313, '2021-01-26'),
(526, 'Birkenhead', 'GBR', 93087, '2021-01-26'),
(527, 'Worcester', 'GBR', 95000, '2021-01-26'),
(528, 'Hartlepool', 'GBR', 92000, '2021-01-26'),
(529, 'Halifax', 'GBR', 91069, '2021-01-26'),
(530, 'Woking/Byfleet', 'GBR', 92000, '2021-01-26'),
(531, 'Southport', 'GBR', 90959, '2021-01-26'),
(532, 'Maidstone', 'GBR', 90878, '2021-01-26'),
(533, 'Eastbourne', 'GBR', 90000, '2021-01-26'),
(534, 'Grimsby', 'GBR', 89000, '2021-01-26'),
(535, 'Saint Helier', 'GBR', 27523, '2021-01-26'),
(536, 'Douglas', 'GBR', 23487, '2021-01-26'),
(539, 'Sofija', 'BGR', 1122302, '2021-01-26'),
(540, 'Plovdiv', 'BGR', 342584, '2021-01-26'),
(541, 'Varna', 'BGR', 299801, '2021-01-26'),
(542, 'Burgas', 'BGR', 195255, '2021-01-26'),
(543, 'Ruse', 'BGR', 166467, '2021-01-26'),
(544, 'Stara Zagora', 'BGR', 147939, '2021-01-26'),
(545, 'Pleven', 'BGR', 121952, '2021-01-26'),
(546, 'Sliven', 'BGR', 105530, '2021-01-26'),
(547, 'Dobric', 'BGR', 100399, '2021-01-26'),
(548, 'Šumen', 'BGR', 94686, '2021-01-26'),
(653, 'Madrid', 'ESP', 2879052, '2021-01-26'),
(654, 'Barcelona', 'ESP', 1503451, '2021-01-26'),
(655, 'Valencia', 'ESP', 739412, '2021-01-26'),
(656, 'Sevilla', 'ESP', 701927, '2021-01-26'),
(657, 'Zaragoza', 'ESP', 603367, '2021-01-26'),
(658, 'Málaga', 'ESP', 530553, '2021-01-26'),
(659, 'Bilbao', 'ESP', 357589, '2021-01-26'),
(660, 'Las Palmas de Gran Canaria', 'ESP', 354757, '2021-01-26'),
(661, 'Murcia', 'ESP', 353504, '2021-01-26'),
(662, 'Palma de Mallorca', 'ESP', 326993, '2021-01-26'),
(663, 'Valladolid', 'ESP', 319998, '2021-01-26'),
(664, 'Córdoba', 'ESP', 311708, '2021-01-26'),
(665, 'Vigo', 'ESP', 283670, '2021-01-26'),
(666, 'Alicante [Alacant]', 'ESP', 272432, '2021-01-26'),
(667, 'Gijón', 'ESP', 267980, '2021-01-26'),
(668, 'L´Hospitalet de Llobregat', 'ESP', 247986, '2021-01-26'),
(669, 'Granada', 'ESP', 244767, '2021-01-26'),
(670, 'A Coruña (La Coruña)', 'ESP', 243402, '2021-01-26'),
(671, 'Vitoria-Gasteiz', 'ESP', 217154, '2021-01-26'),
(672, 'Santa Cruz de Tenerife', 'ESP', 213050, '2021-01-26'),
(673, 'Badalona', 'ESP', 209635, '2021-01-26'),
(674, 'Oviedo', 'ESP', 200453, '2021-01-26'),
(675, 'Móstoles', 'ESP', 195351, '2021-01-26'),
(676, 'Elche [Elx]', 'ESP', 193174, '2021-01-26'),
(677, 'Sabadell', 'ESP', 184859, '2021-01-26'),
(678, 'Santander', 'ESP', 184165, '2021-01-26'),
(679, 'Jerez de la Frontera', 'ESP', 182660, '2021-01-26'),
(680, 'Pamplona [Iruña]', 'ESP', 180483, '2021-01-26'),
(681, 'Donostia-San Sebastián', 'ESP', 179208, '2021-01-26'),
(682, 'Cartagena', 'ESP', 177709, '2021-01-26'),
(683, 'Leganés', 'ESP', 173163, '2021-01-26'),
(684, 'Fuenlabrada', 'ESP', 171173, '2021-01-26'),
(685, 'Almería', 'ESP', 169027, '2021-01-26'),
(686, 'Terrassa', 'ESP', 168695, '2021-01-26'),
(687, 'Alcalá de Henares', 'ESP', 164463, '2021-01-26'),
(688, 'Burgos', 'ESP', 162802, '2021-01-26'),
(689, 'Salamanca', 'ESP', 158720, '2021-01-26'),
(690, 'Albacete', 'ESP', 147527, '2021-01-26'),
(691, 'Getafe', 'ESP', 145371, '2021-01-26'),
(692, 'Cádiz', 'ESP', 142449, '2021-01-26'),
(693, 'Alcorcón', 'ESP', 142048, '2021-01-26'),
(694, 'Huelva', 'ESP', 140583, '2021-01-26'),
(695, 'León', 'ESP', 139809, '2021-01-26'),
(696, 'Castellón de la Plana [Castell', 'ESP', 139712, '2021-01-26'),
(697, 'Badajoz', 'ESP', 136613, '2021-01-26'),
(698, '[San Cristóbal de] la Laguna', 'ESP', 127945, '2021-01-26'),
(699, 'Logroño', 'ESP', 127093, '2021-01-26'),
(700, 'Santa Coloma de Gramenet', 'ESP', 120802, '2021-01-26'),
(701, 'Tarragona', 'ESP', 113016, '2021-01-26'),
(702, 'Lleida (Lérida)', 'ESP', 112207, '2021-01-26'),
(703, 'Jaén', 'ESP', 109247, '2021-01-26'),
(704, 'Ourense (Orense)', 'ESP', 109120, '2021-01-26'),
(705, 'Mataró', 'ESP', 104095, '2021-01-26'),
(706, 'Algeciras', 'ESP', 103106, '2021-01-26'),
(707, 'Marbella', 'ESP', 101144, '2021-01-26'),
(708, 'Barakaldo', 'ESP', 98212, '2021-01-26'),
(709, 'Dos Hermanas', 'ESP', 94591, '2021-01-26'),
(710, 'Santiago de Compostela', 'ESP', 93745, '2021-01-26'),
(711, 'Torrejón de Ardoz', 'ESP', 92262, '2021-01-26'),
(1464, 'Roma', 'ITA', 2643581, '2021-01-26'),
(1465, 'Milano', 'ITA', 1300977, '2021-01-26'),
(1466, 'Napoli', 'ITA', 1002619, '2021-01-26'),
(1467, 'Torino', 'ITA', 903705, '2021-01-26'),
(1468, 'Palermo', 'ITA', 683794, '2021-01-26'),
(1469, 'Genova', 'ITA', 636104, '2021-01-26'),
(1470, 'Bologna', 'ITA', 381161, '2021-01-26'),
(1471, 'Firenze', 'ITA', 376662, '2021-01-26'),
(1472, 'Catania', 'ITA', 337862, '2021-01-26'),
(1473, 'Bari', 'ITA', 331848, '2021-01-26'),
(1474, 'Venezia', 'ITA', 277305, '2021-01-26'),
(1475, 'Messina', 'ITA', 259156, '2021-01-26'),
(1476, 'Verona', 'ITA', 255268, '2021-01-26'),
(1477, 'Trieste', 'ITA', 216459, '2021-01-26'),
(1478, 'Padova', 'ITA', 211391, '2021-01-26'),
(1479, 'Taranto', 'ITA', 208214, '2021-01-26'),
(1480, 'Brescia', 'ITA', 191317, '2021-01-26'),
(1481, 'Reggio di Calabria', 'ITA', 179617, '2021-01-26'),
(1482, 'Modena', 'ITA', 176022, '2021-01-26'),
(1483, 'Prato', 'ITA', 172473, '2021-01-26'),
(1484, 'Parma', 'ITA', 168717, '2021-01-26'),
(1485, 'Cagliari', 'ITA', 165926, '2021-01-26'),
(1486, 'Livorno', 'ITA', 161673, '2021-01-26'),
(1487, 'Perugia', 'ITA', 156673, '2021-01-26'),
(1488, 'Foggia', 'ITA', 154891, '2021-01-26'),
(1489, 'Reggio nell´ Emilia', 'ITA', 143664, '2021-01-26'),
(1490, 'Salerno', 'ITA', 142055, '2021-01-26'),
(1491, 'Ravenna', 'ITA', 138418, '2021-01-26'),
(1492, 'Ferrara', 'ITA', 132127, '2021-01-26'),
(1493, 'Rimini', 'ITA', 131062, '2021-01-26'),
(1494, 'Syrakusa', 'ITA', 126282, '2021-01-26'),
(1495, 'Sassari', 'ITA', 120803, '2021-01-26'),
(1496, 'Monza', 'ITA', 119516, '2021-01-26'),
(1497, 'Bergamo', 'ITA', 117837, '2021-01-26'),
(1498, 'Pescara', 'ITA', 115698, '2021-01-26'),
(1499, 'Latina', 'ITA', 114099, '2021-01-26'),
(1500, 'Vicenza', 'ITA', 109738, '2021-01-26'),
(1501, 'Terni', 'ITA', 107770, '2021-01-26'),
(1502, 'Forlì', 'ITA', 107475, '2021-01-26'),
(1503, 'Trento', 'ITA', 104906, '2021-01-26'),
(1504, 'Novara', 'ITA', 102037, '2021-01-26'),
(1505, 'Piacenza', 'ITA', 98384, '2021-01-26'),
(1506, 'Ancona', 'ITA', 98329, '2021-01-26'),
(1507, 'Lecce', 'ITA', 98208, '2021-01-26'),
(1508, 'Bolzano', 'ITA', 97232, '2021-01-26'),
(1509, 'Catanzaro', 'ITA', 96700, '2021-01-26'),
(1510, 'La Spezia', 'ITA', 95504, '2021-01-26'),
(1511, 'Udine', 'ITA', 94932, '2021-01-26'),
(1512, 'Torre del Greco', 'ITA', 94505, '2021-01-26'),
(1513, 'Andria', 'ITA', 94443, '2021-01-26'),
(1514, 'Brindisi', 'ITA', 93454, '2021-01-26'),
(1515, 'Giugliano in Campania', 'ITA', 93286, '2021-01-26'),
(1516, 'Pisa', 'ITA', 92379, '2021-01-26'),
(1517, 'Barletta', 'ITA', 91904, '2021-01-26'),
(1518, 'Arezzo', 'ITA', 91729, '2021-01-26'),
(1519, 'Alessandria', 'ITA', 90289, '2021-01-26'),
(1520, 'Cesena', 'ITA', 89852, '2021-01-26'),
(1521, 'Pesaro', 'ITA', 88987, '2021-01-26'),
(1532, 'Tokyo', 'JPN', 7980230, '2021-01-26'),
(1533, 'Jokohama [Yokohama]', 'JPN', 3339594, '2021-01-26'),
(1534, 'Osaka', 'JPN', 2595674, '2021-01-26'),
(1535, 'Nagoya', 'JPN', 2154376, '2021-01-26'),
(1536, 'Sapporo', 'JPN', 1790886, '2021-01-26'),
(1537, 'Kioto', 'JPN', 1461974, '2021-01-26'),
(1538, 'Kobe', 'JPN', 1425139, '2021-01-26'),
(1539, 'Fukuoka', 'JPN', 1308379, '2021-01-26'),
(1540, 'Kawasaki', 'JPN', 1217359, '2021-01-26'),
(1541, 'Hiroshima', 'JPN', 1119117, '2021-01-26'),
(1542, 'Kitakyushu', 'JPN', 1016264, '2021-01-26'),
(1543, 'Sendai', 'JPN', 989975, '2021-01-26'),
(1544, 'Chiba', 'JPN', 863930, '2021-01-26'),
(1545, 'Sakai', 'JPN', 797735, '2021-01-26'),
(1546, 'Kumamoto', 'JPN', 656734, '2021-01-26'),
(1547, 'Okayama', 'JPN', 624269, '2021-01-26'),
(1548, 'Sagamihara', 'JPN', 586300, '2021-01-26'),
(1549, 'Hamamatsu', 'JPN', 568796, '2021-01-26'),
(1550, 'Kagoshima', 'JPN', 549977, '2021-01-26'),
(1551, 'Funabashi', 'JPN', 545299, '2021-01-26'),
(1552, 'Higashiosaka', 'JPN', 517785, '2021-01-26'),
(1553, 'Hachioji', 'JPN', 513451, '2021-01-26'),
(1554, 'Niigata', 'JPN', 497464, '2021-01-26'),
(1555, 'Amagasaki', 'JPN', 481434, '2021-01-26'),
(1556, 'Himeji', 'JPN', 475167, '2021-01-26'),
(1557, 'Shizuoka', 'JPN', 473854, '2021-01-26'),
(1558, 'Urawa', 'JPN', 469675, '2021-01-26'),
(1559, 'Matsuyama', 'JPN', 466133, '2021-01-26'),
(1560, 'Matsudo', 'JPN', 461126, '2021-01-26'),
(1561, 'Kanazawa', 'JPN', 455386, '2021-01-26'),
(1562, 'Kawaguchi', 'JPN', 452155, '2021-01-26'),
(1563, 'Ichikawa', 'JPN', 441893, '2021-01-26'),
(1564, 'Omiya', 'JPN', 441649, '2021-01-26'),
(1565, 'Utsunomiya', 'JPN', 440353, '2021-01-26'),
(1566, 'Oita', 'JPN', 433401, '2021-01-26'),
(1567, 'Nagasaki', 'JPN', 432759, '2021-01-26'),
(1568, 'Yokosuka', 'JPN', 430200, '2021-01-26'),
(1569, 'Kurashiki', 'JPN', 425103, '2021-01-26'),
(1570, 'Gifu', 'JPN', 408007, '2021-01-26'),
(1571, 'Hirakata', 'JPN', 403151, '2021-01-26'),
(1572, 'Nishinomiya', 'JPN', 397618, '2021-01-26'),
(1573, 'Toyonaka', 'JPN', 396689, '2021-01-26'),
(1574, 'Wakayama', 'JPN', 391233, '2021-01-26'),
(1575, 'Fukuyama', 'JPN', 376921, '2021-01-26'),
(1576, 'Fujisawa', 'JPN', 372840, '2021-01-26'),
(1577, 'Asahikawa', 'JPN', 364813, '2021-01-26'),
(1578, 'Machida', 'JPN', 364197, '2021-01-26'),
(1579, 'Nara', 'JPN', 362812, '2021-01-26'),
(1580, 'Takatsuki', 'JPN', 361747, '2021-01-26'),
(1581, 'Iwaki', 'JPN', 361737, '2021-01-26'),
(1582, 'Nagano', 'JPN', 361391, '2021-01-26'),
(1583, 'Toyohashi', 'JPN', 360066, '2021-01-26'),
(1584, 'Toyota', 'JPN', 346090, '2021-01-26'),
(1585, 'Suita', 'JPN', 345750, '2021-01-26'),
(1586, 'Takamatsu', 'JPN', 332471, '2021-01-26'),
(1587, 'Koriyama', 'JPN', 330335, '2021-01-26'),
(1588, 'Okazaki', 'JPN', 328711, '2021-01-26'),
(1589, 'Kawagoe', 'JPN', 327211, '2021-01-26'),
(1590, 'Tokorozawa', 'JPN', 325809, '2021-01-26'),
(1591, 'Toyama', 'JPN', 325790, '2021-01-26'),
(1592, 'Kochi', 'JPN', 324710, '2021-01-26'),
(1593, 'Kashiwa', 'JPN', 320296, '2021-01-26'),
(1594, 'Akita', 'JPN', 314440, '2021-01-26'),
(1595, 'Miyazaki', 'JPN', 303784, '2021-01-26'),
(1596, 'Koshigaya', 'JPN', 301446, '2021-01-26'),
(1597, 'Naha', 'JPN', 299851, '2021-01-26'),
(1598, 'Aomori', 'JPN', 295969, '2021-01-26'),
(1599, 'Hakodate', 'JPN', 294788, '2021-01-26'),
(1600, 'Akashi', 'JPN', 292253, '2021-01-26'),
(1601, 'Yokkaichi', 'JPN', 288173, '2021-01-26'),
(1602, 'Fukushima', 'JPN', 287525, '2021-01-26'),
(1603, 'Morioka', 'JPN', 287353, '2021-01-26'),
(1604, 'Maebashi', 'JPN', 284473, '2021-01-26'),
(1605, 'Kasugai', 'JPN', 282348, '2021-01-26'),
(1606, 'Otsu', 'JPN', 282070, '2021-01-26'),
(1607, 'Ichihara', 'JPN', 279280, '2021-01-26'),
(1608, 'Yao', 'JPN', 276421, '2021-01-26'),
(1609, 'Ichinomiya', 'JPN', 270828, '2021-01-26'),
(1610, 'Tokushima', 'JPN', 269649, '2021-01-26'),
(1611, 'Kakogawa', 'JPN', 266281, '2021-01-26'),
(1612, 'Ibaraki', 'JPN', 261020, '2021-01-26'),
(1613, 'Neyagawa', 'JPN', 257315, '2021-01-26'),
(1614, 'Shimonoseki', 'JPN', 257263, '2021-01-26'),
(1615, 'Yamagata', 'JPN', 255617, '2021-01-26'),
(1616, 'Fukui', 'JPN', 254818, '2021-01-26'),
(1617, 'Hiratsuka', 'JPN', 254207, '2021-01-26'),
(1618, 'Mito', 'JPN', 246559, '2021-01-26'),
(1619, 'Sasebo', 'JPN', 244240, '2021-01-26'),
(1620, 'Hachinohe', 'JPN', 242979, '2021-01-26'),
(1621, 'Takasaki', 'JPN', 239124, '2021-01-26'),
(1622, 'Shimizu', 'JPN', 239123, '2021-01-26'),
(1623, 'Kurume', 'JPN', 235611, '2021-01-26'),
(1624, 'Fuji', 'JPN', 231527, '2021-01-26'),
(1625, 'Soka', 'JPN', 222768, '2021-01-26'),
(1626, 'Fuchu', 'JPN', 220576, '2021-01-26'),
(1627, 'Chigasaki', 'JPN', 216015, '2021-01-26'),
(1628, 'Atsugi', 'JPN', 212407, '2021-01-26'),
(1629, 'Numazu', 'JPN', 211382, '2021-01-26'),
(1630, 'Ageo', 'JPN', 209442, '2021-01-26'),
(1631, 'Yamato', 'JPN', 208234, '2021-01-26'),
(1632, 'Matsumoto', 'JPN', 206801, '2021-01-26'),
(1633, 'Kure', 'JPN', 206504, '2021-01-26'),
(1634, 'Takarazuka', 'JPN', 205993, '2021-01-26'),
(1635, 'Kasukabe', 'JPN', 201838, '2021-01-26'),
(1636, 'Chofu', 'JPN', 201585, '2021-01-26'),
(1637, 'Odawara', 'JPN', 200171, '2021-01-26'),
(1638, 'Kofu', 'JPN', 199753, '2021-01-26'),
(1639, 'Kushiro', 'JPN', 197608, '2021-01-26'),
(1640, 'Kishiwada', 'JPN', 197276, '2021-01-26'),
(1641, 'Hitachi', 'JPN', 196622, '2021-01-26'),
(1642, 'Nagaoka', 'JPN', 192407, '2021-01-26'),
(1643, 'Itami', 'JPN', 190886, '2021-01-26'),
(1644, 'Uji', 'JPN', 188735, '2021-01-26'),
(1645, 'Suzuka', 'JPN', 184061, '2021-01-26'),
(1646, 'Hirosaki', 'JPN', 177522, '2021-01-26'),
(1647, 'Ube', 'JPN', 175206, '2021-01-26'),
(1648, 'Kodaira', 'JPN', 174984, '2021-01-26'),
(1649, 'Takaoka', 'JPN', 174380, '2021-01-26'),
(1650, 'Obihiro', 'JPN', 173685, '2021-01-26'),
(1651, 'Tomakomai', 'JPN', 171958, '2021-01-26'),
(1652, 'Saga', 'JPN', 170034, '2021-01-26'),
(1653, 'Sakura', 'JPN', 168072, '2021-01-26'),
(1654, 'Kamakura', 'JPN', 167661, '2021-01-26'),
(1655, 'Mitaka', 'JPN', 167268, '2021-01-26'),
(1656, 'Izumi', 'JPN', 166979, '2021-01-26'),
(1657, 'Hino', 'JPN', 166770, '2021-01-26'),
(1658, 'Hadano', 'JPN', 166512, '2021-01-26'),
(1659, 'Ashikaga', 'JPN', 165243, '2021-01-26'),
(1660, 'Tsu', 'JPN', 164543, '2021-01-26'),
(1661, 'Sayama', 'JPN', 162472, '2021-01-26'),
(1662, 'Yachiyo', 'JPN', 161222, '2021-01-26'),
(1663, 'Tsukuba', 'JPN', 160768, '2021-01-26'),
(1664, 'Tachikawa', 'JPN', 159430, '2021-01-26'),
(1665, 'Kumagaya', 'JPN', 157171, '2021-01-26'),
(1666, 'Moriguchi', 'JPN', 155941, '2021-01-26'),
(1667, 'Otaru', 'JPN', 155784, '2021-01-26'),
(1668, 'Anjo', 'JPN', 153823, '2021-01-26'),
(1669, 'Narashino', 'JPN', 152849, '2021-01-26'),
(1670, 'Oyama', 'JPN', 152820, '2021-01-26'),
(1671, 'Ogaki', 'JPN', 151758, '2021-01-26'),
(1672, 'Matsue', 'JPN', 149821, '2021-01-26'),
(1673, 'Kawanishi', 'JPN', 149794, '2021-01-26'),
(1674, 'Hitachinaka', 'JPN', 148006, '2021-01-26'),
(1675, 'Niiza', 'JPN', 147744, '2021-01-26'),
(1676, 'Nagareyama', 'JPN', 147738, '2021-01-26'),
(1677, 'Tottori', 'JPN', 147523, '2021-01-26'),
(1678, 'Tama', 'JPN', 146712, '2021-01-26'),
(1679, 'Iruma', 'JPN', 145922, '2021-01-26'),
(1680, 'Ota', 'JPN', 145317, '2021-01-26'),
(1681, 'Omuta', 'JPN', 142889, '2021-01-26'),
(1682, 'Komaki', 'JPN', 139827, '2021-01-26'),
(1683, 'Ome', 'JPN', 139216, '2021-01-26'),
(1684, 'Kadoma', 'JPN', 138953, '2021-01-26'),
(1685, 'Yamaguchi', 'JPN', 138210, '2021-01-26'),
(1686, 'Higashimurayama', 'JPN', 136970, '2021-01-26'),
(1687, 'Yonago', 'JPN', 136461, '2021-01-26'),
(1688, 'Matsubara', 'JPN', 135010, '2021-01-26'),
(1689, 'Musashino', 'JPN', 134426, '2021-01-26'),
(1690, 'Tsuchiura', 'JPN', 134072, '2021-01-26'),
(1691, 'Joetsu', 'JPN', 133505, '2021-01-26'),
(1692, 'Miyakonojo', 'JPN', 133183, '2021-01-26'),
(1693, 'Misato', 'JPN', 132957, '2021-01-26'),
(1694, 'Kakamigahara', 'JPN', 131831, '2021-01-26'),
(1695, 'Daito', 'JPN', 130594, '2021-01-26'),
(1696, 'Seto', 'JPN', 130470, '2021-01-26'),
(1697, 'Kariya', 'JPN', 127969, '2021-01-26'),
(1698, 'Urayasu', 'JPN', 127550, '2021-01-26'),
(1699, 'Beppu', 'JPN', 127486, '2021-01-26'),
(1700, 'Niihama', 'JPN', 127207, '2021-01-26'),
(1701, 'Minoo', 'JPN', 127026, '2021-01-26'),
(1702, 'Fujieda', 'JPN', 126897, '2021-01-26'),
(1703, 'Abiko', 'JPN', 126670, '2021-01-26'),
(1704, 'Nobeoka', 'JPN', 125547, '2021-01-26'),
(1705, 'Tondabayashi', 'JPN', 125094, '2021-01-26'),
(1706, 'Ueda', 'JPN', 124217, '2021-01-26'),
(1707, 'Kashihara', 'JPN', 124013, '2021-01-26'),
(1708, 'Matsusaka', 'JPN', 123582, '2021-01-26'),
(1709, 'Isesaki', 'JPN', 123285, '2021-01-26'),
(1710, 'Zama', 'JPN', 122046, '2021-01-26'),
(1711, 'Kisarazu', 'JPN', 121967, '2021-01-26'),
(1712, 'Noda', 'JPN', 121030, '2021-01-26'),
(1713, 'Ishinomaki', 'JPN', 120963, '2021-01-26'),
(1714, 'Fujinomiya', 'JPN', 119714, '2021-01-26'),
(1715, 'Kawachinagano', 'JPN', 119666, '2021-01-26'),
(1716, 'Imabari', 'JPN', 119357, '2021-01-26'),
(1717, 'Aizuwakamatsu', 'JPN', 119287, '2021-01-26'),
(1718, 'Higashihiroshima', 'JPN', 119166, '2021-01-26'),
(1719, 'Habikino', 'JPN', 118968, '2021-01-26'),
(1720, 'Ebetsu', 'JPN', 118805, '2021-01-26'),
(1721, 'Hofu', 'JPN', 118751, '2021-01-26'),
(1722, 'Kiryu', 'JPN', 118326, '2021-01-26'),
(1723, 'Okinawa', 'JPN', 117748, '2021-01-26'),
(1724, 'Yaizu', 'JPN', 117258, '2021-01-26'),
(1725, 'Toyokawa', 'JPN', 115781, '2021-01-26'),
(1726, 'Ebina', 'JPN', 115571, '2021-01-26'),
(1727, 'Asaka', 'JPN', 114815, '2021-01-26'),
(1728, 'Higashikurume', 'JPN', 111666, '2021-01-26'),
(1729, 'Ikoma', 'JPN', 111645, '2021-01-26'),
(1730, 'Kitami', 'JPN', 111295, '2021-01-26'),
(1731, 'Koganei', 'JPN', 110969, '2021-01-26'),
(1732, 'Iwatsuki', 'JPN', 110034, '2021-01-26'),
(1733, 'Mishima', 'JPN', 109699, '2021-01-26'),
(1734, 'Handa', 'JPN', 108600, '2021-01-26'),
(1735, 'Muroran', 'JPN', 108275, '2021-01-26'),
(1736, 'Komatsu', 'JPN', 107937, '2021-01-26'),
(1737, 'Yatsushiro', 'JPN', 107661, '2021-01-26'),
(1738, 'Iida', 'JPN', 107583, '2021-01-26'),
(1739, 'Tokuyama', 'JPN', 107078, '2021-01-26'),
(1740, 'Kokubunji', 'JPN', 106996, '2021-01-26'),
(1741, 'Akishima', 'JPN', 106914, '2021-01-26'),
(1742, 'Iwakuni', 'JPN', 106647, '2021-01-26'),
(1743, 'Kusatsu', 'JPN', 106232, '2021-01-26'),
(1744, 'Kuwana', 'JPN', 106121, '2021-01-26'),
(1745, 'Sanda', 'JPN', 105643, '2021-01-26'),
(1746, 'Hikone', 'JPN', 105508, '2021-01-26'),
(1747, 'Toda', 'JPN', 103969, '2021-01-26'),
(1748, 'Tajimi', 'JPN', 103171, '2021-01-26'),
(1749, 'Ikeda', 'JPN', 102710, '2021-01-26'),
(1750, 'Fukaya', 'JPN', 102156, '2021-01-26'),
(1751, 'Ise', 'JPN', 101732, '2021-01-26'),
(1752, 'Sakata', 'JPN', 101651, '2021-01-26'),
(1753, 'Kasuga', 'JPN', 101344, '2021-01-26'),
(1754, 'Kamagaya', 'JPN', 100821, '2021-01-26'),
(1755, 'Tsuruoka', 'JPN', 100713, '2021-01-26'),
(1756, 'Hoya', 'JPN', 100313, '2021-01-26'),
(1757, 'Nishio', 'JPN', 100032, '2021-01-26'),
(1758, 'Tokai', 'JPN', 99738, '2021-01-26'),
(1759, 'Inazawa', 'JPN', 98746, '2021-01-26'),
(1760, 'Sakado', 'JPN', 98221, '2021-01-26'),
(1761, 'Isehara', 'JPN', 98123, '2021-01-26'),
(1762, 'Takasago', 'JPN', 97632, '2021-01-26'),
(1763, 'Fujimi', 'JPN', 96972, '2021-01-26'),
(1764, 'Urasoe', 'JPN', 96002, '2021-01-26'),
(1765, 'Yonezawa', 'JPN', 95592, '2021-01-26'),
(1766, 'Konan', 'JPN', 95521, '2021-01-26'),
(1767, 'Yamatokoriyama', 'JPN', 95165, '2021-01-26'),
(1768, 'Maizuru', 'JPN', 94784, '2021-01-26'),
(1769, 'Onomichi', 'JPN', 93756, '2021-01-26'),
(1770, 'Higashimatsuyama', 'JPN', 93342, '2021-01-26'),
(1771, 'Kimitsu', 'JPN', 93216, '2021-01-26'),
(1772, 'Isahaya', 'JPN', 93058, '2021-01-26'),
(1773, 'Kanuma', 'JPN', 93053, '2021-01-26'),
(1774, 'Izumisano', 'JPN', 92583, '2021-01-26'),
(1775, 'Kameoka', 'JPN', 92398, '2021-01-26'),
(1776, 'Mobara', 'JPN', 91664, '2021-01-26'),
(1777, 'Narita', 'JPN', 91470, '2021-01-26'),
(1778, 'Kashiwazaki', 'JPN', 91229, '2021-01-26'),
(1779, 'Tsuyama', 'JPN', 91170, '2021-01-26'),
(1810, 'Montréal', 'CAN', 1016376, '2021-01-26'),
(1811, 'Calgary', 'CAN', 768082, '2021-01-26'),
(1812, 'Toronto', 'CAN', 688275, '2021-01-26'),
(1813, 'North York', 'CAN', 622632, '2021-01-26'),
(1814, 'Winnipeg', 'CAN', 618477, '2021-01-26'),
(1815, 'Edmonton', 'CAN', 616306, '2021-01-26'),
(1816, 'Mississauga', 'CAN', 608072, '2021-01-26'),
(1817, 'Scarborough', 'CAN', 594501, '2021-01-26'),
(1818, 'Vancouver', 'CAN', 514008, '2021-01-26'),
(1819, 'Etobicoke', 'CAN', 348845, '2021-01-26'),
(1820, 'London', 'CAN', 339917, '2021-01-26'),
(1821, 'Hamilton', 'CAN', 335614, '2021-01-26'),
(1822, 'Ottawa', 'CAN', 335277, '2021-01-26'),
(1823, 'Laval', 'CAN', 330393, '2021-01-26'),
(1824, 'Surrey', 'CAN', 304477, '2021-01-26'),
(1825, 'Brampton', 'CAN', 296711, '2021-01-26'),
(1826, 'Windsor', 'CAN', 207588, '2021-01-26'),
(1827, 'Saskatoon', 'CAN', 193647, '2021-01-26'),
(1828, 'Kitchener', 'CAN', 189959, '2021-01-26'),
(1829, 'Markham', 'CAN', 189098, '2021-01-26'),
(1830, 'Regina', 'CAN', 180400, '2021-01-26'),
(1831, 'Burnaby', 'CAN', 179209, '2021-01-26'),
(1832, 'Québec', 'CAN', 167264, '2021-01-26'),
(1833, 'York', 'CAN', 154980, '2021-01-26'),
(1834, 'Richmond', 'CAN', 148867, '2021-01-26'),
(1835, 'Vaughan', 'CAN', 147889, '2021-01-26'),
(1836, 'Burlington', 'CAN', 145150, '2021-01-26'),
(1837, 'Oshawa', 'CAN', 140173, '2021-01-26'),
(1838, 'Oakville', 'CAN', 139192, '2021-01-26'),
(1839, 'Saint Catharines', 'CAN', 136216, '2021-01-26'),
(1840, 'Longueuil', 'CAN', 127977, '2021-01-26'),
(1841, 'Richmond Hill', 'CAN', 116428, '2021-01-26'),
(1842, 'Thunder Bay', 'CAN', 115913, '2021-01-26'),
(1843, 'Nepean', 'CAN', 115100, '2021-01-26'),
(1844, 'Cape Breton', 'CAN', 114733, '2021-01-26'),
(1845, 'East York', 'CAN', 114034, '2021-01-26'),
(1846, 'Halifax', 'CAN', 113910, '2021-01-26'),
(1847, 'Cambridge', 'CAN', 109186, '2021-01-26'),
(1848, 'Gloucester', 'CAN', 107314, '2021-01-26'),
(1849, 'Abbotsford', 'CAN', 105403, '2021-01-26'),
(1850, 'Guelph', 'CAN', 103593, '2021-01-26'),
(1851, 'Saint John´s', 'CAN', 101936, '2021-01-26'),
(1852, 'Coquitlam', 'CAN', 101820, '2021-01-26'),
(1853, 'Saanich', 'CAN', 101388, '2021-01-26'),
(1854, 'Gatineau', 'CAN', 100702, '2021-01-26'),
(1855, 'Delta', 'CAN', 95411, '2021-01-26'),
(1856, 'Sudbury', 'CAN', 92686, '2021-01-26'),
(1857, 'Kelowna', 'CAN', 89442, '2021-01-26'),
(1858, 'Barrie', 'CAN', 89269, '2021-01-26'),
(1865, 'Öskemen', 'KAZ', 311000, '2021-01-26'),
(1866, 'Pavlodar', 'KAZ', 300500, '2021-01-26'),
(1867, 'Semey', 'KAZ', 269600, '2021-01-26'),
(1868, 'Aqtöbe', 'KAZ', 253100, '2021-01-26'),
(1869, 'Qostanay', 'KAZ', 221400, '2021-01-26'),
(1870, 'Petropavl', 'KAZ', 203500, '2021-01-26'),
(1871, 'Oral', 'KAZ', 195500, '2021-01-26'),
(1872, 'Temirtau', 'KAZ', 170500, '2021-01-26'),
(1873, 'Qyzylorda', 'KAZ', 157400, '2021-01-26'),
(1874, 'Aqtau', 'KAZ', 143400, '2021-01-26'),
(1875, 'Atyrau', 'KAZ', 142500, '2021-01-26'),
(1876, 'Ekibastuz', 'KAZ', 127200, '2021-01-26'),
(1877, 'Kökshetau', 'KAZ', 123400, '2021-01-26'),
(1878, 'Rudnyy', 'KAZ', 109500, '2021-01-26'),
(1879, 'Taldyqorghan', 'KAZ', 98000, '2021-01-26'),
(1880, 'Zhezqazghan', 'KAZ', 90000, '2021-01-26'),
(1881, 'Nairobi', 'KEN', 2290000, '2021-01-26'),
(1882, 'Mombasa', 'KEN', 461753, '2021-01-26'),
(1883, 'Kisumu', 'KEN', 192733, '2021-01-26'),
(1884, 'Nakuru', 'KEN', 163927, '2021-01-26'),
(1885, 'Machakos', 'KEN', 116293, '2021-01-26'),
(1886, 'Eldoret', 'KEN', 111882, '2021-01-26'),
(1887, 'Meru', 'KEN', 94947, '2021-01-26'),
(1888, 'Nyeri', 'KEN', 91258, '2021-01-26'),
(1889, 'Bangui', 'CAF', 524000, '2021-01-26'),
(1890, 'Shanghai', 'CHN', 9696300, '2021-01-26'),
(1891, 'Peking', 'CHN', 7472000, '2021-01-26'),
(1892, 'Chongqing', 'CHN', 6351600, '2021-01-26'),
(1893, 'Tianjin', 'CHN', 5286800, '2021-01-26'),
(1894, 'Wuhan', 'CHN', 4344600, '2021-01-26'),
(1895, 'Harbin', 'CHN', 4289800, '2021-01-26'),
(1896, 'Shenyang', 'CHN', 4265200, '2021-01-26'),
(1897, 'Kanton [Guangzhou]', 'CHN', 4256300, '2021-01-26'),
(1898, 'Chengdu', 'CHN', 3361500, '2021-01-26'),
(1899, 'Nanking [Nanjing]', 'CHN', 2870300, '2021-01-26'),
(1900, 'Changchun', 'CHN', 2812000, '2021-01-26'),
(1901, 'Xi´an', 'CHN', 2761400, '2021-01-26'),
(1902, 'Dalian', 'CHN', 2697000, '2021-01-26'),
(1903, 'Qingdao', 'CHN', 2596000, '2021-01-26'),
(1904, 'Jinan', 'CHN', 2278100, '2021-01-26'),
(1905, 'Hangzhou', 'CHN', 2190500, '2021-01-26'),
(1906, 'Zhengzhou', 'CHN', 2107200, '2021-01-26'),
(1907, 'Shijiazhuang', 'CHN', 2041500, '2021-01-26'),
(1908, 'Taiyuan', 'CHN', 1968400, '2021-01-26'),
(1909, 'Kunming', 'CHN', 1829500, '2021-01-26'),
(1910, 'Changsha', 'CHN', 1809800, '2021-01-26'),
(1911, 'Nanchang', 'CHN', 1691600, '2021-01-26'),
(1912, 'Fuzhou', 'CHN', 1593800, '2021-01-26'),
(1913, 'Lanzhou', 'CHN', 1565800, '2021-01-26'),
(1914, 'Guiyang', 'CHN', 1465200, '2021-01-26'),
(1915, 'Ningbo', 'CHN', 1371200, '2021-01-26'),
(1916, 'Hefei', 'CHN', 1369100, '2021-01-26'),
(1917, 'Urumtši [Ürümqi]', 'CHN', 1310100, '2021-01-26'),
(1918, 'Anshan', 'CHN', 1200000, '2021-01-26'),
(1919, 'Fushun', 'CHN', 1200000, '2021-01-26'),
(1920, 'Nanning', 'CHN', 1161800, '2021-01-26'),
(1921, 'Zibo', 'CHN', 1140000, '2021-01-26'),
(1922, 'Qiqihar', 'CHN', 1070000, '2021-01-26'),
(1923, 'Jilin', 'CHN', 1040000, '2021-01-26'),
(1924, 'Tangshan', 'CHN', 1040000, '2021-01-26'),
(1925, 'Baotou', 'CHN', 980000, '2021-01-26'),
(1926, 'Shenzhen', 'CHN', 950500, '2021-01-26'),
(1927, 'Hohhot', 'CHN', 916700, '2021-01-26'),
(1928, 'Handan', 'CHN', 840000, '2021-01-26'),
(1929, 'Wuxi', 'CHN', 830000, '2021-01-26'),
(1930, 'Xuzhou', 'CHN', 810000, '2021-01-26'),
(1931, 'Datong', 'CHN', 800000, '2021-01-26'),
(1932, 'Yichun', 'CHN', 800000, '2021-01-26'),
(1933, 'Benxi', 'CHN', 770000, '2021-01-26'),
(1934, 'Luoyang', 'CHN', 760000, '2021-01-26'),
(1935, 'Suzhou', 'CHN', 710000, '2021-01-26'),
(1936, 'Xining', 'CHN', 700200, '2021-01-26'),
(1937, 'Huainan', 'CHN', 700000, '2021-01-26'),
(1938, 'Jixi', 'CHN', 683885, '2021-01-26'),
(1939, 'Daqing', 'CHN', 660000, '2021-01-26'),
(1940, 'Fuxin', 'CHN', 640000, '2021-01-26'),
(1941, 'Amoy [Xiamen]', 'CHN', 627500, '2021-01-26'),
(1942, 'Liuzhou', 'CHN', 610000, '2021-01-26'),
(1943, 'Shantou', 'CHN', 580000, '2021-01-26'),
(1944, 'Jinzhou', 'CHN', 570000, '2021-01-26'),
(1945, 'Mudanjiang', 'CHN', 570000, '2021-01-26'),
(1946, 'Yinchuan', 'CHN', 544500, '2021-01-26'),
(1947, 'Changzhou', 'CHN', 530000, '2021-01-26'),
(1948, 'Zhangjiakou', 'CHN', 530000, '2021-01-26'),
(1949, 'Dandong', 'CHN', 520000, '2021-01-26'),
(1950, 'Hegang', 'CHN', 520000, '2021-01-26'),
(1951, 'Kaifeng', 'CHN', 510000, '2021-01-26'),
(1952, 'Jiamusi', 'CHN', 493409, '2021-01-26'),
(1953, 'Liaoyang', 'CHN', 492559, '2021-01-26'),
(1954, 'Hengyang', 'CHN', 487148, '2021-01-26'),
(1955, 'Baoding', 'CHN', 483155, '2021-01-26'),
(1956, 'Hunjiang', 'CHN', 482043, '2021-01-26'),
(1957, 'Xinxiang', 'CHN', 473762, '2021-01-26'),
(1958, 'Huangshi', 'CHN', 457601, '2021-01-26'),
(1959, 'Haikou', 'CHN', 454300, '2021-01-26'),
(1960, 'Yantai', 'CHN', 452127, '2021-01-26'),
(1961, 'Bengbu', 'CHN', 449245, '2021-01-26'),
(1962, 'Xiangtan', 'CHN', 441968, '2021-01-26'),
(1963, 'Weifang', 'CHN', 428522, '2021-01-26'),
(1964, 'Wuhu', 'CHN', 425740, '2021-01-26'),
(1965, 'Pingxiang', 'CHN', 425579, '2021-01-26'),
(1966, 'Yingkou', 'CHN', 421589, '2021-01-26'),
(1967, 'Anyang', 'CHN', 420332, '2021-01-26'),
(1968, 'Panzhihua', 'CHN', 415466, '2021-01-26'),
(1969, 'Pingdingshan', 'CHN', 410775, '2021-01-26'),
(1970, 'Xiangfan', 'CHN', 410407, '2021-01-26'),
(1971, 'Zhuzhou', 'CHN', 409924, '2021-01-26'),
(1972, 'Jiaozuo', 'CHN', 409100, '2021-01-26'),
(1973, 'Wenzhou', 'CHN', 401871, '2021-01-26'),
(1974, 'Zhangjiang', 'CHN', 400997, '2021-01-26'),
(1975, 'Zigong', 'CHN', 393184, '2021-01-26'),
(1976, 'Shuangyashan', 'CHN', 386081, '2021-01-26'),
(1977, 'Zaozhuang', 'CHN', 380846, '2021-01-26'),
(1978, 'Yakeshi', 'CHN', 377869, '2021-01-26'),
(1979, 'Yichang', 'CHN', 371601, '2021-01-26'),
(1980, 'Zhenjiang', 'CHN', 368316, '2021-01-26'),
(1981, 'Huaibei', 'CHN', 366549, '2021-01-26'),
(1982, 'Qinhuangdao', 'CHN', 364972, '2021-01-26'),
(1983, 'Guilin', 'CHN', 364130, '2021-01-26'),
(1984, 'Liupanshui', 'CHN', 363954, '2021-01-26'),
(1985, 'Panjin', 'CHN', 362773, '2021-01-26'),
(1986, 'Yangquan', 'CHN', 362268, '2021-01-26'),
(1987, 'Jinxi', 'CHN', 357052, '2021-01-26'),
(1988, 'Liaoyuan', 'CHN', 354141, '2021-01-26'),
(1989, 'Lianyungang', 'CHN', 354139, '2021-01-26'),
(1990, 'Xianyang', 'CHN', 352125, '2021-01-26'),
(1991, 'Tai´an', 'CHN', 350696, '2021-01-26'),
(1992, 'Chifeng', 'CHN', 350077, '2021-01-26'),
(1993, 'Shaoguan', 'CHN', 350043, '2021-01-26'),
(1994, 'Nantong', 'CHN', 343341, '2021-01-26'),
(1995, 'Leshan', 'CHN', 341128, '2021-01-26'),
(1996, 'Baoji', 'CHN', 337765, '2021-01-26'),
(1997, 'Linyi', 'CHN', 324720, '2021-01-26'),
(1998, 'Tonghua', 'CHN', 324600, '2021-01-26'),
(1999, 'Siping', 'CHN', 317223, '2021-01-26'),
(2000, 'Changzhi', 'CHN', 317144, '2021-01-26'),
(2001, 'Tengzhou', 'CHN', 315083, '2021-01-26'),
(2002, 'Chaozhou', 'CHN', 313469, '2021-01-26'),
(2003, 'Yangzhou', 'CHN', 312892, '2021-01-26'),
(2004, 'Dongwan', 'CHN', 308669, '2021-01-26'),
(2005, 'Ma´anshan', 'CHN', 305421, '2021-01-26'),
(2006, 'Foshan', 'CHN', 303160, '2021-01-26'),
(2007, 'Yueyang', 'CHN', 302800, '2021-01-26'),
(2008, 'Xingtai', 'CHN', 302789, '2021-01-26'),
(2009, 'Changde', 'CHN', 301276, '2021-01-26'),
(2010, 'Shihezi', 'CHN', 299676, '2021-01-26'),
(2011, 'Yancheng', 'CHN', 296831, '2021-01-26'),
(2012, 'Jiujiang', 'CHN', 291187, '2021-01-26'),
(2013, 'Dongying', 'CHN', 281728, '2021-01-26'),
(2014, 'Shashi', 'CHN', 281352, '2021-01-26'),
(2015, 'Xintai', 'CHN', 281248, '2021-01-26'),
(2016, 'Jingdezhen', 'CHN', 281183, '2021-01-26'),
(2017, 'Tongchuan', 'CHN', 280657, '2021-01-26'),
(2018, 'Zhongshan', 'CHN', 278829, '2021-01-26'),
(2019, 'Shiyan', 'CHN', 273786, '2021-01-26'),
(2020, 'Tieli', 'CHN', 265683, '2021-01-26'),
(2021, 'Jining', 'CHN', 265248, '2021-01-26'),
(2022, 'Wuhai', 'CHN', 264081, '2021-01-26'),
(2023, 'Mianyang', 'CHN', 262947, '2021-01-26'),
(2024, 'Luzhou', 'CHN', 262892, '2021-01-26'),
(2025, 'Zunyi', 'CHN', 261862, '2021-01-26'),
(2026, 'Shizuishan', 'CHN', 257862, '2021-01-26'),
(2027, 'Neijiang', 'CHN', 256012, '2021-01-26'),
(2028, 'Tongliao', 'CHN', 255129, '2021-01-26'),
(2029, 'Tieling', 'CHN', 254842, '2021-01-26'),
(2030, 'Wafangdian', 'CHN', 251733, '2021-01-26'),
(2031, 'Anqing', 'CHN', 250718, '2021-01-26'),
(2032, 'Shaoyang', 'CHN', 247227, '2021-01-26'),
(2033, 'Laiwu', 'CHN', 246833, '2021-01-26'),
(2034, 'Chengde', 'CHN', 246799, '2021-01-26'),
(2035, 'Tianshui', 'CHN', 244974, '2021-01-26'),
(2036, 'Nanyang', 'CHN', 243303, '2021-01-26'),
(2037, 'Cangzhou', 'CHN', 242708, '2021-01-26'),
(2038, 'Yibin', 'CHN', 241019, '2021-01-26'),
(2039, 'Huaiyin', 'CHN', 239675, '2021-01-26'),
(2040, 'Dunhua', 'CHN', 235100, '2021-01-26'),
(2041, 'Yanji', 'CHN', 230892, '2021-01-26'),
(2042, 'Jiangmen', 'CHN', 230587, '2021-01-26'),
(2043, 'Tongling', 'CHN', 228017, '2021-01-26'),
(2044, 'Suihua', 'CHN', 227881, '2021-01-26'),
(2045, 'Gongziling', 'CHN', 226569, '2021-01-26'),
(2046, 'Xiantao', 'CHN', 222884, '2021-01-26'),
(2047, 'Chaoyang', 'CHN', 222394, '2021-01-26'),
(2048, 'Ganzhou', 'CHN', 220129, '2021-01-26'),
(2049, 'Huzhou', 'CHN', 218071, '2021-01-26'),
(2050, 'Baicheng', 'CHN', 217987, '2021-01-26'),
(2051, 'Shangzi', 'CHN', 215373, '2021-01-26'),
(2052, 'Yangjiang', 'CHN', 215196, '2021-01-26'),
(2053, 'Qitaihe', 'CHN', 214957, '2021-01-26'),
(2054, 'Gejiu', 'CHN', 214294, '2021-01-26'),
(2055, 'Jiangyin', 'CHN', 213659, '2021-01-26'),
(2056, 'Hebi', 'CHN', 212976, '2021-01-26'),
(2057, 'Jiaxing', 'CHN', 211526, '2021-01-26'),
(2058, 'Wuzhou', 'CHN', 210452, '2021-01-26'),
(2059, 'Meihekou', 'CHN', 209038, '2021-01-26'),
(2060, 'Xuchang', 'CHN', 208815, '2021-01-26'),
(2061, 'Liaocheng', 'CHN', 207844, '2021-01-26'),
(2062, 'Haicheng', 'CHN', 205560, '2021-01-26'),
(2063, 'Qianjiang', 'CHN', 205504, '2021-01-26'),
(2064, 'Baiyin', 'CHN', 204970, '2021-01-26'),
(2065, 'Bei´an', 'CHN', 204899, '2021-01-26'),
(2066, 'Yixing', 'CHN', 200824, '2021-01-26'),
(2067, 'Laizhou', 'CHN', 198664, '2021-01-26'),
(2068, 'Qaramay', 'CHN', 197602, '2021-01-26'),
(2069, 'Acheng', 'CHN', 197595, '2021-01-26'),
(2070, 'Dezhou', 'CHN', 195485, '2021-01-26'),
(2071, 'Nanping', 'CHN', 195064, '2021-01-26'),
(2072, 'Zhaoqing', 'CHN', 194784, '2021-01-26'),
(2073, 'Beipiao', 'CHN', 194301, '2021-01-26'),
(2074, 'Fengcheng', 'CHN', 193784, '2021-01-26'),
(2075, 'Fuyu', 'CHN', 192981, '2021-01-26'),
(2076, 'Xinyang', 'CHN', 192509, '2021-01-26'),
(2077, 'Dongtai', 'CHN', 192247, '2021-01-26'),
(2078, 'Yuci', 'CHN', 191356, '2021-01-26'),
(2079, 'Honghu', 'CHN', 190772, '2021-01-26'),
(2080, 'Ezhou', 'CHN', 190123, '2021-01-26'),
(2081, 'Heze', 'CHN', 189293, '2021-01-26'),
(2082, 'Daxian', 'CHN', 188101, '2021-01-26'),
(2083, 'Linfen', 'CHN', 187309, '2021-01-26'),
(2084, 'Tianmen', 'CHN', 186332, '2021-01-26'),
(2085, 'Yiyang', 'CHN', 185818, '2021-01-26'),
(2086, 'Quanzhou', 'CHN', 185154, '2021-01-26'),
(2087, 'Rizhao', 'CHN', 185048, '2021-01-26'),
(2088, 'Deyang', 'CHN', 182488, '2021-01-26'),
(2089, 'Guangyuan', 'CHN', 182241, '2021-01-26'),
(2090, 'Changshu', 'CHN', 181805, '2021-01-26'),
(2091, 'Zhangzhou', 'CHN', 181424, '2021-01-26'),
(2092, 'Hailar', 'CHN', 180650, '2021-01-26'),
(2093, 'Nanchong', 'CHN', 180273, '2021-01-26'),
(2094, 'Jiutai', 'CHN', 180130, '2021-01-26'),
(2095, 'Zhaodong', 'CHN', 179976, '2021-01-26'),
(2096, 'Shaoxing', 'CHN', 179818, '2021-01-26'),
(2097, 'Fuyang', 'CHN', 179572, '2021-01-26'),
(2098, 'Maoming', 'CHN', 178683, '2021-01-26'),
(2099, 'Qujing', 'CHN', 178669, '2021-01-26'),
(2100, 'Ghulja', 'CHN', 177193, '2021-01-26'),
(2101, 'Jiaohe', 'CHN', 176367, '2021-01-26'),
(2102, 'Puyang', 'CHN', 175988, '2021-01-26'),
(2103, 'Huadian', 'CHN', 175873, '2021-01-26'),
(2104, 'Jiangyou', 'CHN', 175753, '2021-01-26'),
(2105, 'Qashqar', 'CHN', 174570, '2021-01-26'),
(2106, 'Anshun', 'CHN', 174142, '2021-01-26'),
(2107, 'Fuling', 'CHN', 173878, '2021-01-26'),
(2108, 'Xinyu', 'CHN', 173524, '2021-01-26'),
(2109, 'Hanzhong', 'CHN', 169930, '2021-01-26'),
(2110, 'Danyang', 'CHN', 169603, '2021-01-26'),
(2111, 'Chenzhou', 'CHN', 169400, '2021-01-26'),
(2112, 'Xiaogan', 'CHN', 166280, '2021-01-26'),
(2113, 'Shangqiu', 'CHN', 164880, '2021-01-26'),
(2114, 'Zhuhai', 'CHN', 164747, '2021-01-26'),
(2115, 'Qingyuan', 'CHN', 164641, '2021-01-26'),
(2116, 'Aqsu', 'CHN', 164092, '2021-01-26'),
(2117, 'Jining', 'CHN', 163552, '2021-01-26'),
(2118, 'Xiaoshan', 'CHN', 162930, '2021-01-26'),
(2119, 'Zaoyang', 'CHN', 162198, '2021-01-26'),
(2120, 'Xinghua', 'CHN', 161910, '2021-01-26'),
(2121, 'Hami', 'CHN', 161315, '2021-01-26'),
(2122, 'Huizhou', 'CHN', 161023, '2021-01-26'),
(2123, 'Jinmen', 'CHN', 160794, '2021-01-26'),
(2124, 'Sanming', 'CHN', 160691, '2021-01-26'),
(2125, 'Ulanhot', 'CHN', 159538, '2021-01-26'),
(2126, 'Korla', 'CHN', 159344, '2021-01-26'),
(2127, 'Wanxian', 'CHN', 156823, '2021-01-26'),
(2128, 'Rui´an', 'CHN', 156468, '2021-01-26'),
(2129, 'Zhoushan', 'CHN', 156317, '2021-01-26'),
(2130, 'Liangcheng', 'CHN', 156307, '2021-01-26'),
(2131, 'Jiaozhou', 'CHN', 153364, '2021-01-26'),
(2132, 'Taizhou', 'CHN', 152442, '2021-01-26'),
(2133, 'Suzhou', 'CHN', 151862, '2021-01-26'),
(2134, 'Yichun', 'CHN', 151585, '2021-01-26'),
(2135, 'Taonan', 'CHN', 150168, '2021-01-26'),
(2136, 'Pingdu', 'CHN', 150123, '2021-01-26'),
(2137, 'Ji´an', 'CHN', 148583, '2021-01-26'),
(2138, 'Longkou', 'CHN', 148362, '2021-01-26'),
(2139, 'Langfang', 'CHN', 148105, '2021-01-26'),
(2140, 'Zhoukou', 'CHN', 146288, '2021-01-26'),
(2141, 'Suining', 'CHN', 146086, '2021-01-26'),
(2142, 'Yulin', 'CHN', 144467, '2021-01-26'),
(2143, 'Jinhua', 'CHN', 144280, '2021-01-26'),
(2144, 'Liu´an', 'CHN', 144248, '2021-01-26'),
(2145, 'Shuangcheng', 'CHN', 142659, '2021-01-26'),
(2146, 'Suizhou', 'CHN', 142302, '2021-01-26'),
(2147, 'Ankang', 'CHN', 142170, '2021-01-26'),
(2148, 'Weinan', 'CHN', 140169, '2021-01-26'),
(2149, 'Longjing', 'CHN', 139417, '2021-01-26'),
(2150, 'Da´an', 'CHN', 138963, '2021-01-26'),
(2151, 'Lengshuijiang', 'CHN', 137994, '2021-01-26'),
(2152, 'Laiyang', 'CHN', 137080, '2021-01-26'),
(2153, 'Xianning', 'CHN', 136811, '2021-01-26'),
(2154, 'Dali', 'CHN', 136554, '2021-01-26'),
(2155, 'Anda', 'CHN', 136446, '2021-01-26'),
(2156, 'Jincheng', 'CHN', 136396, '2021-01-26'),
(2157, 'Longyan', 'CHN', 134481, '2021-01-26'),
(2158, 'Xichang', 'CHN', 134419, '2021-01-26'),
(2159, 'Wendeng', 'CHN', 133910, '2021-01-26'),
(2160, 'Hailun', 'CHN', 133565, '2021-01-26'),
(2161, 'Binzhou', 'CHN', 133555, '2021-01-26'),
(2162, 'Linhe', 'CHN', 133183, '2021-01-26'),
(2163, 'Wuwei', 'CHN', 133101, '2021-01-26'),
(2164, 'Duyun', 'CHN', 132971, '2021-01-26'),
(2165, 'Mishan', 'CHN', 132744, '2021-01-26'),
(2166, 'Shangrao', 'CHN', 132455, '2021-01-26'),
(2167, 'Changji', 'CHN', 132260, '2021-01-26'),
(2168, 'Meixian', 'CHN', 132156, '2021-01-26'),
(2169, 'Yushu', 'CHN', 131861, '2021-01-26'),
(2170, 'Tiefa', 'CHN', 131807, '2021-01-26'),
(2171, 'Huai´an', 'CHN', 131149, '2021-01-26'),
(2172, 'Leiyang', 'CHN', 130115, '2021-01-26'),
(2173, 'Zalantun', 'CHN', 130031, '2021-01-26'),
(2174, 'Weihai', 'CHN', 128888, '2021-01-26'),
(2175, 'Loudi', 'CHN', 128418, '2021-01-26'),
(2176, 'Qingzhou', 'CHN', 128258, '2021-01-26'),
(2177, 'Qidong', 'CHN', 126872, '2021-01-26'),
(2178, 'Huaihua', 'CHN', 126785, '2021-01-26'),
(2179, 'Luohe', 'CHN', 126438, '2021-01-26'),
(2180, 'Chuzhou', 'CHN', 125341, '2021-01-26'),
(2181, 'Kaiyuan', 'CHN', 124219, '2021-01-26'),
(2182, 'Linqing', 'CHN', 123958, '2021-01-26'),
(2183, 'Chaohu', 'CHN', 123676, '2021-01-26'),
(2184, 'Laohekou', 'CHN', 123366, '2021-01-26'),
(2185, 'Dujiangyan', 'CHN', 123357, '2021-01-26'),
(2186, 'Zhumadian', 'CHN', 123232, '2021-01-26'),
(2187, 'Linchuan', 'CHN', 121949, '2021-01-26'),
(2188, 'Jiaonan', 'CHN', 121397, '2021-01-26'),
(2189, 'Sanmenxia', 'CHN', 120523, '2021-01-26'),
(2190, 'Heyuan', 'CHN', 120101, '2021-01-26'),
(2191, 'Manzhouli', 'CHN', 120023, '2021-01-26'),
(2192, 'Lhasa', 'CHN', 120000, '2021-01-26'),
(2193, 'Lianyuan', 'CHN', 118858, '2021-01-26'),
(2194, 'Kuytun', 'CHN', 118553, '2021-01-26'),
(2195, 'Puqi', 'CHN', 117264, '2021-01-26'),
(2196, 'Hongjiang', 'CHN', 116188, '2021-01-26'),
(2197, 'Qinzhou', 'CHN', 114586, '2021-01-26'),
(2198, 'Renqiu', 'CHN', 114256, '2021-01-26'),
(2199, 'Yuyao', 'CHN', 114065, '2021-01-26'),
(2200, 'Guigang', 'CHN', 114025, '2021-01-26'),
(2201, 'Kaili', 'CHN', 113958, '2021-01-26'),
(2202, 'Yan´an', 'CHN', 113277, '2021-01-26'),
(2203, 'Beihai', 'CHN', 112673, '2021-01-26'),
(2204, 'Xuangzhou', 'CHN', 112673, '2021-01-26'),
(2205, 'Quzhou', 'CHN', 112373, '2021-01-26'),
(2206, 'Yong´an', 'CHN', 111762, '2021-01-26'),
(2207, 'Zixing', 'CHN', 110048, '2021-01-26'),
(2208, 'Liyang', 'CHN', 109520, '2021-01-26'),
(2209, 'Yizheng', 'CHN', 109268, '2021-01-26'),
(2210, 'Yumen', 'CHN', 109234, '2021-01-26'),
(2211, 'Liling', 'CHN', 108504, '2021-01-26'),
(2212, 'Yuncheng', 'CHN', 108359, '2021-01-26'),
(2213, 'Shanwei', 'CHN', 107847, '2021-01-26'),
(2214, 'Cixi', 'CHN', 107329, '2021-01-26'),
(2413, 'La Habana', 'CUB', 2256000, '2021-01-26'),
(2414, 'Santiago de Cuba', 'CUB', 433180, '2021-01-26'),
(2415, 'Camagüey', 'CUB', 298726, '2021-01-26'),
(2416, 'Holguín', 'CUB', 249492, '2021-01-26'),
(2417, 'Santa Clara', 'CUB', 207350, '2021-01-26'),
(2418, 'Guantánamo', 'CUB', 205078, '2021-01-26'),
(2419, 'Pinar del Río', 'CUB', 142100, '2021-01-26'),
(2420, 'Bayamo', 'CUB', 141000, '2021-01-26'),
(2421, 'Cienfuegos', 'CUB', 132770, '2021-01-26'),
(2422, 'Victoria de las Tunas', 'CUB', 132350, '2021-01-26'),
(2423, 'Matanzas', 'CUB', 123273, '2021-01-26'),
(2424, 'Manzanillo', 'CUB', 109350, '2021-01-26'),
(2425, 'Sancti-Spíritus', 'CUB', 100751, '2021-01-26'),
(2426, 'Ciego de Ávila', 'CUB', 98505, '2021-01-26'),
(2434, 'Riga', 'LVA', 764328, '2021-01-26'),
(2435, 'Daugavpils', 'LVA', 114829, '2021-01-26'),
(2436, 'Liepaja', 'LVA', 89439, '2021-01-26'),
(2447, 'Vilnius', 'LTU', 577969, '2021-01-26'),
(2448, 'Kaunas', 'LTU', 412639, '2021-01-26'),
(2449, 'Klaipeda', 'LTU', 202451, '2021-01-26'),
(2450, 'Šiauliai', 'LTU', 146563, '2021-01-26'),
(2451, 'Panevezys', 'LTU', 133695, '2021-01-26'),
(2807, 'Oslo', 'NOR', 508726, '2021-01-26'),
(2808, 'Bergen', 'NOR', 230948, '2021-01-26'),
(2809, 'Trondheim', 'NOR', 150166, '2021-01-26'),
(2810, 'Stavanger', 'NOR', 108848, '2021-01-26'),
(2811, 'Bærum', 'NOR', 101340, '2021-01-26'),
(2974, 'Paris', 'FRA', 2125246, '2021-01-26'),
(2975, 'Marseille', 'FRA', 798430, '2021-01-26'),
(2976, 'Lyon', 'FRA', 445452, '2021-01-26'),
(2977, 'Toulouse', 'FRA', 390350, '2021-01-26'),
(2978, 'Nice', 'FRA', 342738, '2021-01-26'),
(2979, 'Nantes', 'FRA', 270251, '2021-01-26'),
(2980, 'Strasbourg', 'FRA', 264115, '2021-01-26'),
(2981, 'Montpellier', 'FRA', 225392, '2021-01-26'),
(2982, 'Bordeaux', 'FRA', 215363, '2021-01-26'),
(2983, 'Rennes', 'FRA', 206229, '2021-01-26'),
(2984, 'Le Havre', 'FRA', 190905, '2021-01-26'),
(2985, 'Reims', 'FRA', 187206, '2021-01-26'),
(2986, 'Lille', 'FRA', 184657, '2021-01-26'),
(2987, 'St-Étienne', 'FRA', 180210, '2021-01-26'),
(2988, 'Toulon', 'FRA', 160639, '2021-01-26'),
(2989, 'Grenoble', 'FRA', 153317, '2021-01-26'),
(2990, 'Angers', 'FRA', 151279, '2021-01-26'),
(2991, 'Dijon', 'FRA', 149867, '2021-01-26'),
(2992, 'Brest', 'FRA', 149634, '2021-01-26'),
(2993, 'Le Mans', 'FRA', 146105, '2021-01-26'),
(2994, 'Clermont-Ferrand', 'FRA', 137140, '2021-01-26'),
(2995, 'Amiens', 'FRA', 135501, '2021-01-26'),
(2996, 'Aix-en-Provence', 'FRA', 134222, '2021-01-26'),
(2997, 'Limoges', 'FRA', 133968, '2021-01-26'),
(2998, 'Nîmes', 'FRA', 133424, '2021-01-26'),
(2999, 'Tours', 'FRA', 132820, '2021-01-26'),
(3000, 'Villeurbanne', 'FRA', 124215, '2021-01-26'),
(3001, 'Metz', 'FRA', 123776, '2021-01-26'),
(3002, 'Besançon', 'FRA', 117733, '2021-01-26'),
(3003, 'Caen', 'FRA', 113987, '2021-01-26'),
(3004, 'Orléans', 'FRA', 113126, '2021-01-26'),
(3005, 'Mulhouse', 'FRA', 110359, '2021-01-26'),
(3006, 'Rouen', 'FRA', 106592, '2021-01-26'),
(3007, 'Boulogne-Billancourt', 'FRA', 106367, '2021-01-26'),
(3008, 'Perpignan', 'FRA', 105115, '2021-01-26'),
(3009, 'Nancy', 'FRA', 103605, '2021-01-26'),
(3010, 'Roubaix', 'FRA', 96984, '2021-01-26'),
(3011, 'Argenteuil', 'FRA', 93961, '2021-01-26'),
(3012, 'Tourcoing', 'FRA', 93540, '2021-01-26'),
(3013, 'Montreuil', 'FRA', 90674, '2021-01-26'),
(3236, 'Helsinki [Helsingfors]', 'FIN', 555474, '2021-01-26'),
(3237, 'Espoo', 'FIN', 213271, '2021-01-26'),
(3238, 'Tampere', 'FIN', 195468, '2021-01-26'),
(3239, 'Vantaa', 'FIN', 178471, '2021-01-26'),
(3240, 'Turku [Åbo]', 'FIN', 172561, '2021-01-26'),
(3241, 'Oulu', 'FIN', 120753, '2021-01-26'),
(3242, 'Lahti', 'FIN', 96921, '2021-01-26'),
(3791, 'Tallinn', 'EST', 403981, '2021-01-26'),
(3792, 'Tartu', 'EST', 101246, '2021-01-26'),
(3793, 'New York', 'USA', 8008278, '2021-01-26'),
(3794, 'Los Angeles', 'USA', 3694820, '2021-01-26'),
(3795, 'Chicago', 'USA', 2896016, '2021-01-26'),
(3796, 'Houston', 'USA', 1953631, '2021-01-26'),
(3797, 'Philadelphia', 'USA', 1517550, '2021-01-26'),
(3798, 'Phoenix', 'USA', 1321045, '2021-01-26'),
(3799, 'San Diego', 'USA', 1223400, '2021-01-26'),
(3800, 'Dallas', 'USA', 1188580, '2021-01-26'),
(3801, 'San Antonio', 'USA', 1144646, '2021-01-26'),
(3802, 'Detroit', 'USA', 951270, '2021-01-26'),
(3803, 'San Jose', 'USA', 894943, '2021-01-26'),
(3804, 'Indianapolis', 'USA', 791926, '2021-01-26'),
(3805, 'San Francisco', 'USA', 776733, '2021-01-26'),
(3806, 'Jacksonville', 'USA', 735167, '2021-01-26'),
(3807, 'Columbus', 'USA', 711470, '2021-01-26'),
(3808, 'Austin', 'USA', 656562, '2021-01-26'),
(3809, 'Baltimore', 'USA', 651154, '2021-01-26'),
(3810, 'Memphis', 'USA', 650100, '2021-01-26'),
(3811, 'Milwaukee', 'USA', 596974, '2021-01-26'),
(3812, 'Boston', 'USA', 589141, '2021-01-26'),
(3813, 'Washington', 'USA', 572059, '2021-01-26'),
(3814, 'Nashville-Davidson', 'USA', 569891, '2021-01-26'),
(3815, 'El Paso', 'USA', 563662, '2021-01-26'),
(3816, 'Seattle', 'USA', 563374, '2021-01-26'),
(3817, 'Denver', 'USA', 554636, '2021-01-26'),
(3818, 'Charlotte', 'USA', 540828, '2021-01-26'),
(3819, 'Fort Worth', 'USA', 534694, '2021-01-26'),
(3820, 'Portland', 'USA', 529121, '2021-01-26'),
(3821, 'Oklahoma City', 'USA', 506132, '2021-01-26'),
(3822, 'Tucson', 'USA', 486699, '2021-01-26'),
(3823, 'New Orleans', 'USA', 484674, '2021-01-26'),
(3824, 'Las Vegas', 'USA', 478434, '2021-01-26'),
(3825, 'Cleveland', 'USA', 478403, '2021-01-26'),
(3826, 'Long Beach', 'USA', 461522, '2021-01-26'),
(3827, 'Albuquerque', 'USA', 448607, '2021-01-26'),
(3828, 'Kansas City', 'USA', 441545, '2021-01-26'),
(3829, 'Fresno', 'USA', 427652, '2021-01-26'),
(3830, 'Virginia Beach', 'USA', 425257, '2021-01-26'),
(3831, 'Atlanta', 'USA', 416474, '2021-01-26'),
(3832, 'Sacramento', 'USA', 407018, '2021-01-26'),
(3833, 'Oakland', 'USA', 399484, '2021-01-26'),
(3834, 'Mesa', 'USA', 396375, '2021-01-26'),
(3835, 'Tulsa', 'USA', 393049, '2021-01-26'),
(3836, 'Omaha', 'USA', 390007, '2021-01-26'),
(3837, 'Minneapolis', 'USA', 382618, '2021-01-26'),
(3838, 'Honolulu', 'USA', 371657, '2021-01-26'),
(3839, 'Miami', 'USA', 362470, '2021-01-26'),
(3840, 'Colorado Springs', 'USA', 360890, '2021-01-26'),
(3841, 'Saint Louis', 'USA', 348189, '2021-01-26'),
(3842, 'Wichita', 'USA', 344284, '2021-01-26'),
(3843, 'Santa Ana', 'USA', 337977, '2021-01-26'),
(3844, 'Pittsburgh', 'USA', 334563, '2021-01-26'),
(3845, 'Arlington', 'USA', 332969, '2021-01-26'),
(3846, 'Cincinnati', 'USA', 331285, '2021-01-26'),
(3847, 'Anaheim', 'USA', 328014, '2021-01-26'),
(3848, 'Toledo', 'USA', 313619, '2021-01-26'),
(3849, 'Tampa', 'USA', 303447, '2021-01-26'),
(3850, 'Buffalo', 'USA', 292648, '2021-01-26'),
(3851, 'Saint Paul', 'USA', 287151, '2021-01-26'),
(3852, 'Corpus Christi', 'USA', 277454, '2021-01-26'),
(3853, 'Aurora', 'USA', 276393, '2021-01-26'),
(3854, 'Raleigh', 'USA', 276093, '2021-01-26'),
(3855, 'Newark', 'USA', 273546, '2021-01-26'),
(3856, 'Lexington-Fayette', 'USA', 260512, '2021-01-26'),
(3857, 'Anchorage', 'USA', 260283, '2021-01-26'),
(3858, 'Louisville', 'USA', 256231, '2021-01-26'),
(3859, 'Riverside', 'USA', 255166, '2021-01-26'),
(3860, 'Saint Petersburg', 'USA', 248232, '2021-01-26'),
(3861, 'Bakersfield', 'USA', 247057, '2021-01-26'),
(3862, 'Stockton', 'USA', 243771, '2021-01-26'),
(3863, 'Birmingham', 'USA', 242820, '2021-01-26'),
(3864, 'Jersey City', 'USA', 240055, '2021-01-26'),
(3865, 'Norfolk', 'USA', 234403, '2021-01-26'),
(3866, 'Baton Rouge', 'USA', 227818, '2021-01-26'),
(3867, 'Hialeah', 'USA', 226419, '2021-01-26'),
(3868, 'Lincoln', 'USA', 225581, '2021-01-26'),
(3869, 'Greensboro', 'USA', 223891, '2021-01-26'),
(3870, 'Plano', 'USA', 222030, '2021-01-26'),
(3871, 'Rochester', 'USA', 219773, '2021-01-26'),
(3872, 'Glendale', 'USA', 218812, '2021-01-26'),
(3873, 'Akron', 'USA', 217074, '2021-01-26'),
(3874, 'Garland', 'USA', 215768, '2021-01-26'),
(3875, 'Madison', 'USA', 208054, '2021-01-26'),
(3876, 'Fort Wayne', 'USA', 205727, '2021-01-26'),
(3877, 'Fremont', 'USA', 203413, '2021-01-26'),
(3878, 'Scottsdale', 'USA', 202705, '2021-01-26'),
(3879, 'Montgomery', 'USA', 201568, '2021-01-26'),
(3880, 'Shreveport', 'USA', 200145, '2021-01-26'),
(3881, 'Augusta-Richmond County', 'USA', 199775, '2021-01-26'),
(3882, 'Lubbock', 'USA', 199564, '2021-01-26'),
(3883, 'Chesapeake', 'USA', 199184, '2021-01-26'),
(3884, 'Mobile', 'USA', 198915, '2021-01-26'),
(3885, 'Des Moines', 'USA', 198682, '2021-01-26'),
(3886, 'Grand Rapids', 'USA', 197800, '2021-01-26'),
(3887, 'Richmond', 'USA', 197790, '2021-01-26'),
(3888, 'Yonkers', 'USA', 196086, '2021-01-26'),
(3889, 'Spokane', 'USA', 195629, '2021-01-26'),
(3890, 'Glendale', 'USA', 194973, '2021-01-26'),
(3891, 'Tacoma', 'USA', 193556, '2021-01-26'),
(3892, 'Irving', 'USA', 191615, '2021-01-26'),
(3893, 'Huntington Beach', 'USA', 189594, '2021-01-26'),
(3894, 'Modesto', 'USA', 188856, '2021-01-26'),
(3895, 'Durham', 'USA', 187035, '2021-01-26'),
(3896, 'Columbus', 'USA', 186291, '2021-01-26'),
(3897, 'Orlando', 'USA', 185951, '2021-01-26'),
(3898, 'Boise City', 'USA', 185787, '2021-01-26'),
(3899, 'Winston-Salem', 'USA', 185776, '2021-01-26'),
(3900, 'San Bernardino', 'USA', 185401, '2021-01-26'),
(3901, 'Jackson', 'USA', 184256, '2021-01-26'),
(3902, 'Little Rock', 'USA', 183133, '2021-01-26'),
(3903, 'Salt Lake City', 'USA', 181743, '2021-01-26'),
(3904, 'Reno', 'USA', 180480, '2021-01-26'),
(3905, 'Newport News', 'USA', 180150, '2021-01-26'),
(3906, 'Chandler', 'USA', 176581, '2021-01-26'),
(3907, 'Laredo', 'USA', 176576, '2021-01-26'),
(3908, 'Henderson', 'USA', 175381, '2021-01-26'),
(3909, 'Arlington', 'USA', 174838, '2021-01-26'),
(3910, 'Knoxville', 'USA', 173890, '2021-01-26'),
(3911, 'Amarillo', 'USA', 173627, '2021-01-26'),
(3912, 'Providence', 'USA', 173618, '2021-01-26'),
(3913, 'Chula Vista', 'USA', 173556, '2021-01-26'),
(3914, 'Worcester', 'USA', 172648, '2021-01-26'),
(3915, 'Oxnard', 'USA', 170358, '2021-01-26'),
(3916, 'Dayton', 'USA', 166179, '2021-01-26'),
(3917, 'Garden Grove', 'USA', 165196, '2021-01-26'),
(3918, 'Oceanside', 'USA', 161029, '2021-01-26'),
(3919, 'Tempe', 'USA', 158625, '2021-01-26'),
(3920, 'Huntsville', 'USA', 158216, '2021-01-26'),
(3921, 'Ontario', 'USA', 158007, '2021-01-26');
INSERT INTO `city` (`ID`, `Name`, `CountryCode`, `Population`, `created_at`) VALUES
(3922, 'Chattanooga', 'USA', 155554, '2021-01-26'),
(3923, 'Fort Lauderdale', 'USA', 152397, '2021-01-26'),
(3924, 'Springfield', 'USA', 152082, '2021-01-26'),
(3925, 'Springfield', 'USA', 151580, '2021-01-26'),
(3926, 'Santa Clarita', 'USA', 151088, '2021-01-26'),
(3927, 'Salinas', 'USA', 151060, '2021-01-26'),
(3928, 'Tallahassee', 'USA', 150624, '2021-01-26'),
(3929, 'Rockford', 'USA', 150115, '2021-01-26'),
(3930, 'Pomona', 'USA', 149473, '2021-01-26'),
(3931, 'Metairie', 'USA', 149428, '2021-01-26'),
(3932, 'Paterson', 'USA', 149222, '2021-01-26'),
(3933, 'Overland Park', 'USA', 149080, '2021-01-26'),
(3934, 'Santa Rosa', 'USA', 147595, '2021-01-26'),
(3935, 'Syracuse', 'USA', 147306, '2021-01-26'),
(3936, 'Kansas City', 'USA', 146866, '2021-01-26'),
(3937, 'Hampton', 'USA', 146437, '2021-01-26'),
(3938, 'Lakewood', 'USA', 144126, '2021-01-26'),
(3939, 'Vancouver', 'USA', 143560, '2021-01-26'),
(3940, 'Irvine', 'USA', 143072, '2021-01-26'),
(3941, 'Aurora', 'USA', 142990, '2021-01-26'),
(3942, 'Moreno Valley', 'USA', 142381, '2021-01-26'),
(3943, 'Pasadena', 'USA', 141674, '2021-01-26'),
(3944, 'Hayward', 'USA', 140030, '2021-01-26'),
(3945, 'Brownsville', 'USA', 139722, '2021-01-26'),
(3946, 'Bridgeport', 'USA', 139529, '2021-01-26'),
(3947, 'Hollywood', 'USA', 139357, '2021-01-26'),
(3948, 'Warren', 'USA', 138247, '2021-01-26'),
(3949, 'Torrance', 'USA', 137946, '2021-01-26'),
(3950, 'Eugene', 'USA', 137893, '2021-01-26'),
(3951, 'Pembroke Pines', 'USA', 137427, '2021-01-26'),
(3952, 'Salem', 'USA', 136924, '2021-01-26'),
(3953, 'Pasadena', 'USA', 133936, '2021-01-26'),
(3954, 'Escondido', 'USA', 133559, '2021-01-26'),
(3955, 'Sunnyvale', 'USA', 131760, '2021-01-26'),
(3956, 'Savannah', 'USA', 131510, '2021-01-26'),
(3957, 'Fontana', 'USA', 128929, '2021-01-26'),
(3958, 'Orange', 'USA', 128821, '2021-01-26'),
(3959, 'Naperville', 'USA', 128358, '2021-01-26'),
(3960, 'Alexandria', 'USA', 128283, '2021-01-26'),
(3961, 'Rancho Cucamonga', 'USA', 127743, '2021-01-26'),
(3962, 'Grand Prairie', 'USA', 127427, '2021-01-26'),
(3963, 'East Los Angeles', 'USA', 126379, '2021-01-26'),
(3964, 'Fullerton', 'USA', 126003, '2021-01-26'),
(3965, 'Corona', 'USA', 124966, '2021-01-26'),
(3966, 'Flint', 'USA', 124943, '2021-01-26'),
(3967, 'Paradise', 'USA', 124682, '2021-01-26'),
(3968, 'Mesquite', 'USA', 124523, '2021-01-26'),
(3969, 'Sterling Heights', 'USA', 124471, '2021-01-26'),
(3970, 'Sioux Falls', 'USA', 123975, '2021-01-26'),
(3971, 'New Haven', 'USA', 123626, '2021-01-26'),
(3972, 'Topeka', 'USA', 122377, '2021-01-26'),
(3973, 'Concord', 'USA', 121780, '2021-01-26'),
(3974, 'Evansville', 'USA', 121582, '2021-01-26'),
(3975, 'Hartford', 'USA', 121578, '2021-01-26'),
(3976, 'Fayetteville', 'USA', 121015, '2021-01-26'),
(3977, 'Cedar Rapids', 'USA', 120758, '2021-01-26'),
(3978, 'Elizabeth', 'USA', 120568, '2021-01-26'),
(3979, 'Lansing', 'USA', 119128, '2021-01-26'),
(3980, 'Lancaster', 'USA', 118718, '2021-01-26'),
(3981, 'Fort Collins', 'USA', 118652, '2021-01-26'),
(3982, 'Coral Springs', 'USA', 117549, '2021-01-26'),
(3983, 'Stamford', 'USA', 117083, '2021-01-26'),
(3984, 'Thousand Oaks', 'USA', 117005, '2021-01-26'),
(3985, 'Vallejo', 'USA', 116760, '2021-01-26'),
(3986, 'Palmdale', 'USA', 116670, '2021-01-26'),
(3987, 'Columbia', 'USA', 116278, '2021-01-26'),
(3988, 'El Monte', 'USA', 115965, '2021-01-26'),
(3989, 'Abilene', 'USA', 115930, '2021-01-26'),
(3990, 'North Las Vegas', 'USA', 115488, '2021-01-26'),
(3991, 'Ann Arbor', 'USA', 114024, '2021-01-26'),
(3992, 'Beaumont', 'USA', 113866, '2021-01-26'),
(3993, 'Waco', 'USA', 113726, '2021-01-26'),
(3994, 'Macon', 'USA', 113336, '2021-01-26'),
(3995, 'Independence', 'USA', 113288, '2021-01-26'),
(3996, 'Peoria', 'USA', 112936, '2021-01-26'),
(3997, 'Inglewood', 'USA', 112580, '2021-01-26'),
(3998, 'Springfield', 'USA', 111454, '2021-01-26'),
(3999, 'Simi Valley', 'USA', 111351, '2021-01-26'),
(4000, 'Lafayette', 'USA', 110257, '2021-01-26'),
(4001, 'Gilbert', 'USA', 109697, '2021-01-26'),
(4002, 'Carrollton', 'USA', 109576, '2021-01-26'),
(4003, 'Bellevue', 'USA', 109569, '2021-01-26'),
(4004, 'West Valley City', 'USA', 108896, '2021-01-26'),
(4005, 'Clarksville', 'USA', 108787, '2021-01-26'),
(4006, 'Costa Mesa', 'USA', 108724, '2021-01-26'),
(4007, 'Peoria', 'USA', 108364, '2021-01-26'),
(4008, 'South Bend', 'USA', 107789, '2021-01-26'),
(4009, 'Downey', 'USA', 107323, '2021-01-26'),
(4010, 'Waterbury', 'USA', 107271, '2021-01-26'),
(4011, 'Manchester', 'USA', 107006, '2021-01-26'),
(4012, 'Allentown', 'USA', 106632, '2021-01-26'),
(4013, 'McAllen', 'USA', 106414, '2021-01-26'),
(4014, 'Joliet', 'USA', 106221, '2021-01-26'),
(4015, 'Lowell', 'USA', 105167, '2021-01-26'),
(4016, 'Provo', 'USA', 105166, '2021-01-26'),
(4017, 'West Covina', 'USA', 105080, '2021-01-26'),
(4018, 'Wichita Falls', 'USA', 104197, '2021-01-26'),
(4019, 'Erie', 'USA', 103717, '2021-01-26'),
(4020, 'Daly City', 'USA', 103621, '2021-01-26'),
(4021, 'Citrus Heights', 'USA', 103455, '2021-01-26'),
(4022, 'Norwalk', 'USA', 103298, '2021-01-26'),
(4023, 'Gary', 'USA', 102746, '2021-01-26'),
(4024, 'Berkeley', 'USA', 102743, '2021-01-26'),
(4025, 'Santa Clara', 'USA', 102361, '2021-01-26'),
(4026, 'Green Bay', 'USA', 102313, '2021-01-26'),
(4027, 'Cape Coral', 'USA', 102286, '2021-01-26'),
(4028, 'Arvada', 'USA', 102153, '2021-01-26'),
(4029, 'Pueblo', 'USA', 102121, '2021-01-26'),
(4030, 'Sandy', 'USA', 101853, '2021-01-26'),
(4031, 'Athens-Clarke County', 'USA', 101489, '2021-01-26'),
(4032, 'Cambridge', 'USA', 101355, '2021-01-26'),
(4033, 'Westminster', 'USA', 100940, '2021-01-26'),
(4034, 'San Buenaventura', 'USA', 100916, '2021-01-26'),
(4035, 'Portsmouth', 'USA', 100565, '2021-01-26'),
(4036, 'Livonia', 'USA', 100545, '2021-01-26'),
(4037, 'Burbank', 'USA', 100316, '2021-01-26'),
(4038, 'Clearwater', 'USA', 99936, '2021-01-26'),
(4039, 'Midland', 'USA', 98293, '2021-01-26'),
(4040, 'Davenport', 'USA', 98256, '2021-01-26'),
(4041, 'Mission Viejo', 'USA', 98049, '2021-01-26'),
(4042, 'Miami Beach', 'USA', 97855, '2021-01-26'),
(4043, 'Sunrise Manor', 'USA', 95362, '2021-01-26'),
(4044, 'New Bedford', 'USA', 94780, '2021-01-26'),
(4045, 'El Cajon', 'USA', 94578, '2021-01-26'),
(4046, 'Norman', 'USA', 94193, '2021-01-26'),
(4047, 'Richmond', 'USA', 94100, '2021-01-26'),
(4048, 'Albany', 'USA', 93994, '2021-01-26'),
(4049, 'Brockton', 'USA', 93653, '2021-01-26'),
(4050, 'Roanoke', 'USA', 93357, '2021-01-26'),
(4051, 'Billings', 'USA', 92988, '2021-01-26'),
(4052, 'Compton', 'USA', 92864, '2021-01-26'),
(4053, 'Gainesville', 'USA', 92291, '2021-01-26'),
(4054, 'Fairfield', 'USA', 92256, '2021-01-26'),
(4055, 'Arden-Arcade', 'USA', 92040, '2021-01-26'),
(4056, 'San Mateo', 'USA', 91799, '2021-01-26'),
(4057, 'Visalia', 'USA', 91762, '2021-01-26'),
(4058, 'Boulder', 'USA', 91238, '2021-01-26'),
(4059, 'Cary', 'USA', 91213, '2021-01-26'),
(4060, 'Santa Monica', 'USA', 91084, '2021-01-26'),
(4061, 'Fall River', 'USA', 90555, '2021-01-26'),
(4062, 'Kenosha', 'USA', 89447, '2021-01-26'),
(4063, 'Elgin', 'USA', 89408, '2021-01-26'),
(4064, 'Odessa', 'USA', 89293, '2021-01-26'),
(4065, 'Carson', 'USA', 89089, '2021-01-26'),
(4066, 'Charleston', 'USA', 89063, '2021-01-26');

-- --------------------------------------------------------

--
-- Структура таблицы `continent`
--

CREATE TABLE `continent` (
  `Id` int(11) NOT NULL,
  `ContinentName` varchar(255) NOT NULL
) ENGINE=InnoDB DEFAULT CHARSET=utf8mb4;

--
-- Дамп данных таблицы `continent`
--

INSERT INTO `continent` (`Id`, `ContinentName`) VALUES
(1, 'Asia'),
(2, 'Europe'),
(3, 'North America'),
(4, 'Africa'),
(5, 'Antarctica'),
(6, 'South America');

-- --------------------------------------------------------

--
-- Структура таблицы `country`
--

CREATE TABLE `country` (
  `Code` char(3) NOT NULL DEFAULT '',
  `Name` char(52) NOT NULL DEFAULT '',
  `ContinentId` int(11) NOT NULL,
  `Region` char(26) NOT NULL DEFAULT '',
  `IndepYear` smallint(6) DEFAULT NULL,
  `Population` int(11) NOT NULL,
  `GovernmentForm` char(45) NOT NULL DEFAULT '',
  `HeadOfState` char(60) DEFAULT NULL,
  `Code2` char(2) NOT NULL DEFAULT '',
  `created_at` date NOT NULL DEFAULT current_timestamp(),
  `map_src` varchar(255) DEFAULT NULL
) ENGINE=MyISAM DEFAULT CHARSET=latin1;

--
-- Дамп данных таблицы `country`
--

INSERT INTO `country` (`Code`, `Name`, `ContinentId`, `Region`, `IndepYear`, `Population`, `GovernmentForm`, `HeadOfState`, `Code2`, `created_at`, `map_src`) VALUES
('BEL', 'Belgium', 2, 'Western Europe', 1830, 10239000, 'Constitutional Monarchy, Federation', 'Albert II', 'BE', '2021-01-26', 'https://www.google.com/maps/embed?pb=!1m18!1m12!1m3!1d2274950.0563538624!2d2.3860736448475754!3d50.64628574436701!2m3!1f0!2f0!3f0!3m2!1i1024!2i768!4f13.1!3m3!1m2!1s0x47c17d64edf39797%3A0x47ebf2b439e60ff2!2z0JHQtdC70YzQs9C40Y8!5e0!3m2!1sru!2see!4v161166024'),
('GBR', 'United Kingdom', 2, 'British Islands', 1066, 59623400, 'Constitutional Monarchy', 'Elisabeth II', 'GB', '2021-01-26', 'https://www.google.com/maps/embed?pb=!1m18!1m12!1m3!1d9555431.332362521!2d-13.439755536289026!3d54.21780770528804!2m3!1f0!2f0!3f0!3m2!1i1024!2i768!4f13.1!3m3!1m2!1s0x25a3b1142c791a9%3A0xc4f8a0433288257a!2z0JLQtdC70LjQutC-0LHRgNC40YLQsNC90LjRjw!5e0!3m2!1sr'),
('BGR', 'Bulgaria', 2, 'Eastern Europe', 1908, 8190900, 'Republic', 'Petar Stojanov', 'BG', '2021-01-26', 'https://www.google.com/maps/embed?pb=!1m18!1m12!1m3!1d3002383.6758381096!2d23.295568547318023!3d42.703396623506634!2m3!1f0!2f0!3f0!3m2!1i1024!2i768!4f13.1!3m3!1m2!1s0x40a8fec1c85bf089%3A0xa01269bf4c10!2z0JHQvtC70LPQsNGA0LjRjw!5e0!3m2!1sru!2see!4v161166031'),
('ESP', 'Spain', 2, 'Southern Europe', 1492, 39441700, 'Constitutional Monarchy', 'Juan Carlos I', 'ES', '2021-01-26', 'https://www.google.com/maps/embed?pb=!1m18!1m12!1m3!1d12544724.49331993!2d-12.711148041014157!3d39.85907369064144!2m3!1f0!2f0!3f0!3m2!1i1024!2i768!4f13.1!3m3!1m2!1s0xc42e3783261bc8b%3A0xa6ec2c940768a3ec!2z0JjRgdC_0LDQvdC40Y8!5e0!3m2!1sru!2see!4v1611660368'),
('ITA', 'Italy', 2, 'Southern Europe', 1861, 57680000, 'Republic', 'Carlo Azeglio Ciampi', 'IT', '2021-01-26', 'https://www.google.com/maps/embed?pb=!1m18!1m12!1m3!1d6147785.693533892!2d8.215163993376212!3d41.20327678223214!2m3!1f0!2f0!3f0!3m2!1i1024!2i768!4f13.1!3m3!1m2!1s0x12d4fe82448dd203%3A0xe22cf55c24635e6f!2z0JjRgtCw0LvQuNGP!5e0!3m2!1sru!2see!4v1611660394005!'),
('JPN', 'Japan', 1, 'Eastern Asia', -660, 126714000, 'Constitutional Monarchy', 'Akihito', 'JP', '2021-01-26', 'https://www.google.com/maps/embed?pb=!1m18!1m12!1m3!1d13755987.019302383!2d129.41576390669522!3d32.675533154267875!2m3!1f0!2f0!3f0!3m2!1i1024!2i768!4f13.1!3m3!1m2!1s0x34674e0fd77f192f%3A0xf54275d47c665244!2z0K_Qv9C-0L3QuNGP!5e0!3m2!1sru!2see!4v16116604159'),
('CAN', 'Canada', 3, 'North America', 1867, 31147000, 'Constitutional Monarchy, Federation', 'Elisabeth II', 'CA', '2021-01-26', 'https://www.google.com/maps/embed?pb=!1m18!1m12!1m3!1d41263875.91515325!2d-130.03020617342113!3d50.85807027283828!2m3!1f0!2f0!3f0!3m2!1i1024!2i768!4f13.1!3m3!1m2!1s0x4b0d03d337cc6ad9%3A0x9968b72aa2438fa5!2z0JrQsNC90LDQtNCw!5e0!3m2!1sru!2see!4v161166043874'),
('CUB', 'Cuba', 3, 'Caribbean', 1902, 11201000, 'Socialistic Republic', 'Fidel Castro Ruz', 'CU', '2021-01-26', 'https://www.google.com/maps/embed?pb=!1m18!1m12!1m3!1d7604934.573865879!2d-84.06536882167303!3d21.454898711445892!2m3!1f0!2f0!3f0!3m2!1i1024!2i768!4f13.1!3m3!1m2!1s0x88cd49070f7a4cb5%3A0x798cf7529110a41a!2z0JrRg9Cx0LA!5e0!3m2!1sru!2see!4v1611660462572!5m2'),
('LTU', 'Lithuania', 2, 'Baltic Countries', 1991, 3698500, 'Republic', 'Valdas Adamkus', 'LT', '2021-01-26', 'https://www.google.com/maps/embed?pb=!1m18!1m12!1m3!1d2334449.988762956!2d21.63619838070662!3d55.15289284975768!2m3!1f0!2f0!3f0!3m2!1i1024!2i768!4f13.1!3m3!1m2!1s0x46dd94140f33be13%3A0xf30a54d3a55dbab9!2z0JvQuNGC0LLQsA!5e0!3m2!1sru!2see!4v1611660486857!5m'),
('LVA', 'Latvia', 2, 'Baltic Countries', 1991, 2424200, 'Republic', 'Vaira Vike-Freiberga', 'LV', '2021-01-26', 'https://www.google.com/maps/embed?pb=!1m18!1m12!1m3!1d2233528.693784201!2d22.297026969334837!3d56.860001886216125!2m3!1f0!2f0!3f0!3m2!1i1024!2i768!4f13.1!3m3!1m2!1s0x46e930677b8a9afd%3A0xcfcd68f2fc10!2z0JvQsNGC0LLQuNGP!5e0!3m2!1sru!2see!4v1611660507323!5m'),
('NOR', 'Norway', 2, 'Nordic Countries', 1905, 4478500, 'Constitutional Monarchy', 'Harald V', 'NO', '2021-01-26', 'https://www.google.com/maps/embed?pb=!1m18!1m12!1m3!1d7090659.785838596!2d8.764548705351366!3d64.28570120705889!2m3!1f0!2f0!3f0!3m2!1i1024!2i768!4f13.1!3m3!1m2!1s0x461268458f4de5bf%3A0xa1b03b9db864d02b!2z0J3QvtGA0LLQtdCz0LjRjw!5e0!3m2!1sru!2see!4v16116605'),
('FRA', 'France', 2, 'Western Europe', 843, 59225700, 'Republic', 'Jacques Chirac', 'FR', '2021-01-26', 'https://www.google.com/maps/embed?pb=!1m18!1m12!1m3!1d5662695.165145999!2d-2.4437114161728757!3d46.13107143246225!2m3!1f0!2f0!3f0!3m2!1i1024!2i768!4f13.1!3m3!1m2!1s0xd54a02933785731%3A0x6bfd3f96c747d9f7!2z0KTRgNCw0L3RhtC40Y8!5e0!3m2!1sru!2see!4v1611660544'),
('FIN', 'Finland', 2, 'Nordic Countries', 1917, 5171300, 'Republic', 'Tarja Halonen', 'FI', '2021-01-26', 'https://www.google.com/maps/embed?pb=!1m18!1m12!1m3!1d3475848.1011396972!2d21.532290517718792!3d64.82524117769093!2m3!1f0!2f0!3f0!3m2!1i1024!2i768!4f13.1!3m3!1m2!1s0x4681cadf4b32f6dd%3A0x146d63c75a810!2z0KTQuNC90LvRj9C90LTQuNGP!5e0!3m2!1sru!2see!4v1611660'),
('EST', 'Estonia', 2, 'Baltic Countries', 1991, 1439200, 'Republic', 'Lennart Meri', 'EE', '2021-01-26', 'https://www.google.com/maps/embed?pb=!1m18!1m12!1m3!1d3475848.1011396972!2d21.532290517718792!3d64.82524117769093!2m3!1f0!2f0!3f0!3m2!1i1024!2i768!4f13.1!3m3!1m2!1s0x4692949c82a04bfd%3A0x40ea9fba4fb425c3!2z0K3RgdGC0L7QvdC40Y8!5e0!3m2!1sru!2see!4v161166057'),
('USA', 'United States', 3, 'North America', 1776, 278357000, 'Federal Republic', 'George W. Bush', 'US', '2021-01-26', 'https://www.google.com/maps/embed?pb=!1m18!1m12!1m3!1d26370217.253173735!2d-113.69600376348694!3d36.214692757905205!2m3!1f0!2f0!3f0!3m2!1i1024!2i768!4f13.1!3m3!1m2!1s0x54eab584e432360b%3A0x1c3bb99243deb742!2z0KHQvtC10LTQuNC90LXQvdC90YvQtSDQqNGC0LDRgtGLINC'),
('ATA', 'Antarctica', 5, 'Antarctica', NULL, 0, 'Co-administrated', NULL, 'AQ', '2021-01-26', 'https://www.google.com/maps/embed?pb=!1m18!1m12!1m3!1d44757969.84949325!2d-73.49262485004327!3d-46.78835439055095!2m3!1f0!2f0!3f0!3m2!1i1024!2i768!4f13.1!3m3!1m2!1s0xa4b9967b3390754b%3A0x6e52be1f740f2075!2z0JDQvdGC0LDRgNC60YLQuNC60LA!5e0!3m2!1sru!2see!4v1'),
('KAZ', '-', 1, '-', NULL, 0, '-', NULL, '-', '2021-01-28', NULL),
('KEN', 'Kenya', 4, '-', NULL, 0, '-', NULL, '-', '2021-01-28', NULL),
('CAF', 'Central African Republic', 4, '-', NULL, 0, '-', NULL, '-', '2021-01-28', NULL),
('CHN', 'China', 1, '-', NULL, 0, '-', NULL, '-', '2021-01-28', NULL);

-- --------------------------------------------------------

--
-- Структура таблицы `failed_jobs`
--

CREATE TABLE `failed_jobs` (
  `id` bigint(20) UNSIGNED NOT NULL,
  `connection` text COLLATE utf8mb4_unicode_ci NOT NULL,
  `queue` text COLLATE utf8mb4_unicode_ci NOT NULL,
  `payload` longtext COLLATE utf8mb4_unicode_ci NOT NULL,
  `exception` longtext COLLATE utf8mb4_unicode_ci NOT NULL,
  `failed_at` timestamp NOT NULL DEFAULT current_timestamp()
) ENGINE=InnoDB DEFAULT CHARSET=utf8mb4 COLLATE=utf8mb4_unicode_ci;

-- --------------------------------------------------------

--
-- Структура таблицы `migrations`
--

CREATE TABLE `migrations` (
  `id` int(10) UNSIGNED NOT NULL,
  `migration` varchar(255) COLLATE utf8mb4_unicode_ci NOT NULL,
  `batch` int(11) NOT NULL
) ENGINE=InnoDB DEFAULT CHARSET=utf8mb4 COLLATE=utf8mb4_unicode_ci;

--
-- Дамп данных таблицы `migrations`
--

INSERT INTO `migrations` (`id`, `migration`, `batch`) VALUES
(1, '2014_10_12_000000_create_users_table', 1),
(2, '2014_10_12_100000_create_password_resets_table', 1),
(3, '2019_08_19_000000_create_failed_jobs_table', 1);

-- --------------------------------------------------------

--
-- Структура таблицы `password_resets`
--

CREATE TABLE `password_resets` (
  `email` varchar(255) COLLATE utf8mb4_unicode_ci NOT NULL,
  `token` varchar(255) COLLATE utf8mb4_unicode_ci NOT NULL,
  `created_at` timestamp NULL DEFAULT NULL
) ENGINE=InnoDB DEFAULT CHARSET=utf8mb4 COLLATE=utf8mb4_unicode_ci;

-- --------------------------------------------------------

--
-- Структура таблицы `users`
--

CREATE TABLE `users` (
  `id` bigint(20) UNSIGNED NOT NULL,
  `name` varchar(255) COLLATE utf8mb4_unicode_ci NOT NULL,
  `email` varchar(255) COLLATE utf8mb4_unicode_ci NOT NULL,
  `email_verified_at` timestamp NULL DEFAULT NULL,
  `password` varchar(255) COLLATE utf8mb4_unicode_ci NOT NULL,
  `remember_token` varchar(100) COLLATE utf8mb4_unicode_ci DEFAULT NULL,
  `created_at` timestamp NULL DEFAULT NULL,
  `updated_at` timestamp NULL DEFAULT NULL
) ENGINE=InnoDB DEFAULT CHARSET=utf8mb4 COLLATE=utf8mb4_unicode_ci;

--
-- Дамп данных таблицы `users`
--

INSERT INTO `users` (`id`, `name`, `email`, `email_verified_at`, `password`, `remember_token`, `created_at`, `updated_at`) VALUES
(1, 'test', 'test@test.ee', NULL, '$2y$10$HGXfA2pyp5IfQ8FSSeLDCOxoNAx0otsJCuUOVI0iW3FJSsxWixXIC', NULL, '2021-01-27 08:48:44', '2021-01-27 08:48:44');

--
-- Индексы сохранённых таблиц
--

--
-- Индексы таблицы `city`
--
ALTER TABLE `city`
  ADD PRIMARY KEY (`ID`);

--
-- Индексы таблицы `continent`
--
ALTER TABLE `continent`
  ADD PRIMARY KEY (`Id`);

--
-- Индексы таблицы `country`
--
ALTER TABLE `country`
  ADD PRIMARY KEY (`Code`);
ALTER TABLE `country` ADD FULLTEXT KEY `ftext_name` (`Name`);

--
-- Индексы таблицы `failed_jobs`
--
ALTER TABLE `failed_jobs`
  ADD PRIMARY KEY (`id`);

--
-- Индексы таблицы `migrations`
--
ALTER TABLE `migrations`
  ADD PRIMARY KEY (`id`);

--
-- Индексы таблицы `password_resets`
--
ALTER TABLE `password_resets`
  ADD KEY `password_resets_email_index` (`email`);

--
-- Индексы таблицы `users`
--
ALTER TABLE `users`
  ADD PRIMARY KEY (`id`),
  ADD UNIQUE KEY `users_email_unique` (`email`);

--
-- AUTO_INCREMENT для сохранённых таблиц
--

--
-- AUTO_INCREMENT для таблицы `city`
--
ALTER TABLE `city`
  MODIFY `ID` int(11) NOT NULL AUTO_INCREMENT, AUTO_INCREMENT=4080;

--
-- AUTO_INCREMENT для таблицы `continent`
--
ALTER TABLE `continent`
  MODIFY `Id` int(11) NOT NULL AUTO_INCREMENT, AUTO_INCREMENT=7;

--
-- AUTO_INCREMENT для таблицы `failed_jobs`
--
ALTER TABLE `failed_jobs`
  MODIFY `id` bigint(20) UNSIGNED NOT NULL AUTO_INCREMENT;

--
-- AUTO_INCREMENT для таблицы `migrations`
--
ALTER TABLE `migrations`
  MODIFY `id` int(10) UNSIGNED NOT NULL AUTO_INCREMENT, AUTO_INCREMENT=4;

--
-- AUTO_INCREMENT для таблицы `users`
--
ALTER TABLE `users`
  MODIFY `id` bigint(20) UNSIGNED NOT NULL AUTO_INCREMENT, AUTO_INCREMENT=2;
COMMIT;

/*!40101 SET CHARACTER_SET_CLIENT=@OLD_CHARACTER_SET_CLIENT */;
/*!40101 SET CHARACTER_SET_RESULTS=@OLD_CHARACTER_SET_RESULTS */;
/*!40101 SET COLLATION_CONNECTION=@OLD_COLLATION_CONNECTION */;
